I1,P(IPO),P(H),P(L),S2,P(Mid),C6_Prime,Y1,Y2
AATI,2.302585092994046,2.1179117921274466,2.1400661634962708,4.762173934797756,2.1972245773362196,2.2314431669405645,0,1
ABPI,2.0794415416798357,2.1544346900318834,2.0794415416798357,5.488937726156687,2.1972245773362196,0.0,1,0
ACAD,1.9459101490553132,2.4101422641752306,2.4849066497880004,3.4965075614664802,2.5649493574615367,0.0,1,0
ACHN,2.4423470353692043,2.519842099789747,2.6390573296152584,4.07753744390572,2.70805020110221,0.0,1,1
ACLI,3.044522437723423,2.7589241763811208,2.9444389791664403,5.003946305945459,2.995732273553991,1.7099759466766968,0,1
ACOM,2.6026896854443837,2.4384994805366564,2.5257286443082556,4.564348191467836,2.6026896854443837,0.0,0,1
ACOR,1.791759469228055,2.3513346877207577,2.3978952727983707,4.663439094112067,2.4849066497880004,0.0,1,1
ACRX,1.6094379124341003,2.4101422641752306,2.4849066497880004,4.787491742782046,2.5649493574615367,0.0,1,0
ACTV,2.70805020110221,2.620741394208897,2.772588722239781,4.820281565605037,2.833213344056216,0.0,1,1
ACW,2.1972245773362196,2.6684016487219453,2.833213344056216,4.499809670330265,2.8903717578961645,0.0,1,0
ADLS,1.6094379124341003,2.080083823051904,2.0794415416798357,3.713572066704308,2.1400661634962708,0.0,1,1
ADZA,2.772588722239781,2.519842099789747,2.6390573296152584,3.7612001156935624,2.70805020110221,1.8820720577620569,0,1
AFFY,3.2188758248682006,2.8844991406148166,3.091042453358316,4.770684624465665,3.1354942159291497,2.0563674454038523,0,1
AGAM,2.6741486494265287,2.519842099789747,2.70805020110221,5.545177444479562,2.740840023925201,0.0,1,1
AH,2.4849066497880004,2.519842099789747,2.6390573296152584,4.5217885770490405,2.70805020110221,0.0,1,1
AHII,2.3978952727983707,2.2894284851066633,2.302585092994046,3.4965075614664802,2.3978952727983707,0.0,0,1
AIMC,2.6026896854443837,2.519842099789747,2.6390573296152584,4.897839799950911,2.70805020110221,0.0,1,1
AIRV,1.9459101490553132,2.1544346900318834,2.0794415416798357,4.31748811353631,2.1972245773362196,0.0,1,1
ALGT,2.8903717578961645,2.5712815906582356,2.70805020110221,4.356708826689592,2.772588722239781,2.320794416806389,0,1
ALIM,2.3978952727983707,2.5712815906582356,2.70805020110221,4.912654885736052,2.772588722239781,0.0,1,0
ALJ,2.772588722239781,2.519842099789747,2.6390573296152584,4.290459441148391,2.70805020110221,1.8820720577620569,0,1
ALLI,2.5649493574615367,2.4101422641752306,2.4849066497880004,4.532599493153256,2.5649493574615367,0.0,0,1
ALNY,1.791759469228055,2.0,1.791759469228055,3.6635616461296463,1.9459101490553132,0.0,1,1
ALTU,2.70805020110221,2.519842099789747,2.6390573296152584,3.9318256327243257,2.70805020110221,0.0,0,1
ALXA,2.0794415416798357,2.2894284851066633,2.302585092994046,4.442651256490317,2.3978952727983707,0.0,1,1
AMBA,1.791759469228055,2.2239800905693157,2.1972245773362196,4.477336814478207,2.302585092994046,0.0,1,1
AMIS,2.995732273553991,2.7144176165949063,2.8903717578961645,5.198497031265826,2.9444389791664403,1.739464085489495,0,1
AMRC,2.302585092994046,2.519842099789747,2.6390573296152584,5.099866427824199,2.70805020110221,0.0,1,1
ANAC,1.6094379124341003,2.620741394208897,2.772588722239781,4.624972813284271,2.833213344056216,0.0,1,1
ANFI,2.302585092994046,2.46621207433047,2.5649493574615367,4.465908118654584,2.6390573296152584,0.0,1,0
ANGI,2.5649493574615367,2.3513346877207577,2.3978952727983707,4.59511985013459,2.4849066497880004,2.027400665191134,0,1
ANGO,2.3978952727983707,2.4101422641752306,2.4849066497880004,3.8501476017100584,2.5649493574615367,0.0,1,1
AONE,2.6026896854443837,2.1179117921274466,2.0794415416798357,5.003946305945459,2.169053700369523,3.786417676010863,0,1
AOSL,2.8903717578961645,2.7144176165949063,2.772588722239781,4.7535901911063645,2.8903717578961645,0.0,0,0
APEI,2.995732273553991,2.6684016487219453,2.8903717578961645,4.23410650459726,2.917770732084279,2.008968729832627,0,1
APKT,2.2512917986064953,1.9574338205844317,1.8718021769015913,5.003946305945459,1.9459101490553132,3.2931687800417477,0,1
ARAY,2.8903717578961645,2.620741394208897,2.833213344056216,4.442651256490317,2.8622008809294686,1.4189834119703841,0,1
ARBX,2.8622008809294686,2.519842099789747,2.6390573296152584,4.0943445622221,2.70805020110221,2.5543647746451774,0,1
ARCL,2.803360380906535,2.5712815906582356,2.70805020110221,4.430816798843313,2.772588722239781,1.462008869106433,0,1
ARCO,2.833213344056216,2.46621207433047,2.5649493574615367,4.969813299576001,2.6390573296152584,2.777566121439121,0,1
AREX,2.4849066497880004,2.519842099789747,2.6390573296152584,4.219507705176107,2.70805020110221,0.0,1,1
ARII,3.044522437723423,2.620741394208897,2.772588722239781,5.5909869805108565,2.833213344056216,2.8655216231663623,0,1
ARP,2.5649493574615367,2.519842099789747,2.6390573296152584,4.941642422609304,2.70805020110221,0.0,1,1
ARST,2.1972245773362196,2.2239800905693157,2.1972245773362196,5.049856007249537,2.302585092994046,0.0,1,0
ARTE,1.791759469228055,2.4101422641752306,2.4849066497880004,4.343805421853684,2.5649493574615367,0.0,1,1
ARUN,2.3978952727983707,2.1544346900318834,2.0794415416798357,4.418840607796598,2.1972245773362196,2.811442217672497,0,1
ASPV,2.3978952727983707,2.46621207433047,2.5649493574615367,4.0943445622221,2.6390573296152584,0.0,1,1
ATEC,2.1972245773362196,2.2894284851066633,2.3978952727983707,6.633318433280377,2.4423470353692043,0.0,1,0
ATHN,2.8903717578961645,2.519842099789747,2.6390573296152584,4.31748811353631,2.70805020110221,2.7144176165949063,0,1
ATRC,2.4849066497880004,2.4101422641752306,2.4849066497880004,3.9889840465642745,2.5649493574615367,0.0,1,1
AUXL,2.0149030205422647,2.080083823051904,2.0794415416798357,3.6888794541139363,2.1400661634962708,0.0,1,0
AVAV,2.833213344056216,2.519842099789747,2.6390573296152584,4.07753744390572,2.70805020110221,2.371262202993375,0,1
AVEO,2.1972245773362196,2.46621207433047,2.5649493574615367,4.584967478670572,2.6390573296152584,0.0,1,0
AVGO,2.70805020110221,2.46621207433047,2.5649493574615367,5.780743515792329,2.6390573296152584,1.9258567855541788,0,1
AVNC,2.302585092994046,2.4101422641752306,2.4849066497880004,3.9318256327243257,2.5649493574615367,0.0,1,0
AVR,3.7612001156935624,3.5033980603867243,3.6888794541139363,4.31748811353631,3.7256934272366524,1.5346678229284634,0,0
AVRX,2.3513752571634776,2.2894284851066633,2.302585092994046,3.6375861597263857,2.3978952727983707,0.0,1,0
AWAY,3.295836866004329,3.0000000000000004,3.1780538303479458,5.056245805348308,3.2386784521643803,1.805165505978112,0,1
AWK,3.044522437723423,2.9624960684073707,3.1780538303479458,5.700443573390687,3.2188758248682006,0.0,1,0
AYR,3.1354942159291497,2.843866979851566,3.044522437723423,4.430816798843313,3.091042453358316,1.6565038123598101,0,1
BAGL,2.8903717578961645,2.7589241763811208,2.9444389791664403,5.117993812416755,2.995732273553991,0.0,1,1
BAH,2.833213344056216,2.6684016487219453,2.833213344056216,5.087596335232384,2.8903717578961645,0.0,1,1
BALT,2.6390573296152584,2.519842099789747,2.6390573296152584,3.6109179126442243,2.70805020110221,0.0,1,0
BARE,3.091042453358316,2.5712815906582356,2.70805020110221,6.354370040797351,2.772588722239781,3.3471647504108475,0,1
BAS,2.995732273553991,2.2894284851066633,2.3978952727983707,4.844187086458591,2.4423470353692043,4.196691337474689,0,1
BBBB,2.6390573296152584,2.46621207433047,2.5649493574615367,4.02535169073515,2.6390573296152584,0.0,0,1
BBG,3.2188758248682006,2.843866979851566,2.995732273553991,5.0238805208462765,3.068052935133617,2.5344079845856546,0,1
BBND,2.5649493574615367,2.2894284851066633,2.302585092994046,4.61512051684126,2.3978952727983707,2.6295358943292957,0,1
BBRG,2.6390573296152584,2.519842099789747,2.6390573296152584,4.59511985013459,2.70805020110221,0.0,1,1
BBW,2.995732273553991,2.620741394208897,2.772588722239781,3.9512437185814275,2.833213344056216,2.6034991753306884,0,1
BCOV,2.3978952727983707,2.2894284851066633,2.302585092994046,4.812184355372417,2.3978952727983707,0.0,0,1
BDAY,2.740840023925201,2.46621207433047,2.5649493574615367,3.871201010907891,2.6390573296152584,2.2045556915418465,0,1
BDE,2.5649493574615367,2.46621207433047,2.4849066497880004,4.672828834461906,2.6026896854443837,0.0,1,0
BEAT,2.8903717578961645,2.7144176165949063,2.8903717578961645,4.727387818712341,2.9444389791664403,0.0,1,0
BECN,2.5649493574615367,2.4101422641752306,2.4849066497880004,4.382026634673881,2.5649493574615367,0.0,0,0
BFAM,3.091042453358316,2.7589241763811208,2.9444389791664403,4.343805421853684,2.995732273553991,2.1544346900318834,0,1
BFRM,2.0794415416798357,2.2239800905693157,2.1972245773362196,4.605170185988092,2.302585092994046,0.0,1,1
BHRT,1.6582280766035324,2.519842099789747,2.6390573296152584,4.5217885770490405,2.70805020110221,0.0,1,0
BIOD,2.70805020110221,2.519842099789747,2.6390573296152584,4.30406509320417,2.70805020110221,0.0,0,1
BIOF,2.3513752571634776,2.4101422641752306,2.5649493574615367,3.912023005428146,2.6026896854443837,0.0,1,1
BKC,2.833213344056216,2.5712815906582356,2.70805020110221,5.5254529391317835,2.772588722239781,1.8420157493201932,0,1
BKRS,2.0476928433652555,2.0,1.9459101490553132,4.189654742026425,2.0149030205422647,1.4938015821857216,0,1
BLMN,2.3978952727983707,2.46621207433047,2.5649493574615367,5.6240175061873385,2.6390573296152584,0.0,1,1
BLOG,2.833213344056216,2.5712815906582356,2.772588722239781,4.3694478524670215,2.803360380906535,1.4470893702387337,0,1
BLSW,1.6094379124341003,1.8171205928321394,1.6094379124341003,4.852030263919617,1.7047480922384253,0.0,1,1
BMTI,2.0794415416798357,2.3513346877207577,2.3978952727983707,4.477336814478207,2.4849066497880004,0.0,1,1
BNNY,2.9444389791664403,2.620741394208897,2.772588722239781,4.532599493153256,2.833213344056216,2.274366019525953,0,1
BODY,2.5649493574615367,2.519842099789747,2.6390573296152584,4.605170185988092,2.70805020110221,0.0,1,0
BOX,2.302585092994046,2.620741394208897,2.772588722239781,5.4116460518550396,2.833213344056216,0.0,1,1
BPI,2.3513752571634776,2.519842099789747,2.6390573296152584,4.882801922586371,2.70805020110221,0.0,1,1
BRNC,2.833213344056216,2.519842099789747,2.6390573296152584,4.343805421853684,2.70805020110221,2.371262202993375,0,1
BSFT,2.1972245773362196,2.2239800905693157,2.1972245773362196,5.198497031265826,2.302585092994046,0.0,1,0
BTRX,2.70805020110221,2.519842099789747,2.6390573296152584,3.367295829986474,2.70805020110221,0.0,0,0
BUN,2.2512917986064953,2.1544346900318834,2.0794415416798357,3.8501476017100584,2.1972245773362196,1.7710976153043514,0,1
BV,2.4849066497880004,2.1544346900318834,2.0794415416798357,4.700480365792417,2.1972245773362196,3.218297948685433,0,1
BWLD,2.833213344056216,2.519842099789747,2.6390573296152584,4.343805421853684,2.70805020110221,2.371262202993375,0,0
BWTR,2.4849066497880004,2.2894284851066633,2.302585092994046,4.5217885770490405,2.3978952727983707,2.087064022423232,0,1
BWY,2.70805020110221,2.620741394208897,2.772588722239781,4.983606621708336,2.833213344056216,0.0,1,0
CAB,2.995732273553991,2.5712815906582356,2.70805020110221,4.983606621708336,2.772588722239781,2.924017738212866,0,1
CABG,1.7047480922384253,1.8171205928321394,1.6094379124341003,2.995732273553991,1.7047480922384253,0.0,0,1
CADX,2.1972245773362196,2.46621207433047,2.3978952727983707,4.007333185232471,2.5649493574615367,0.0,1,1
CALD,2.6390573296152584,2.4101422641752306,2.4849066497880004,4.5217885770490405,2.5649493574615367,1.9740230337485711,0,1
CALL,2.302585092994046,2.2239800905693157,2.1972245773362196,4.356708826689592,2.302585092994046,0.0,0,0
CALX,2.5649493574615367,2.3513346877207577,2.3978952727983707,5.123963979403259,2.4849066497880004,2.027400665191134,0,1
CAP,2.70805020110221,2.519842099789747,2.6390573296152584,5.075173815233827,2.70805020110221,0.0,0,0
CARB,2.302585092994046,2.5712815906582356,2.70805020110221,4.59511985013459,2.772588722239781,0.0,1,1
CATM,2.302585092994046,2.519842099789747,2.6390573296152584,5.308267697401205,2.70805020110221,0.0,1,0
CBEY,2.4849066497880004,2.4101422641752306,2.5649493574615367,5.703782474656201,2.6026896854443837,0.0,1,0
CBOU,2.6390573296152584,2.46621207433047,2.5649493574615367,4.51085950651685,2.6390573296152584,0.0,0,0
CCO,2.8903717578961645,2.8020393306553877,2.995732273553991,5.10594547390058,3.044522437723423,0.0,1,1
CDL,2.9444389791664403,2.6684016487219453,2.833213344056216,4.532599493153256,2.8903717578961645,1.7710976153043514,0,1
CDM,1.6582280766035324,1.9129311827723894,1.791759469228055,4.574710978503383,1.8718021769015913,0.0,1,1
CE,2.772588722239781,2.7589241763811208,2.9444389791664403,6.315358001522335,2.995732273553991,0.0,1,0
CEMP,1.791759469228055,2.3513346877207577,2.3978952727983707,4.983606621708336,2.4849066497880004,0.0,1,1
CENF,2.70805020110221,2.46621207433047,2.5649493574615367,4.795790545596741,2.6390573296152584,1.9258567855541788,0,1
CERE,2.5649493574615367,2.5712815906582356,2.772588722239781,4.653960350157523,2.803360380906535,0.0,1,1
CF,2.772588722239781,2.5712815906582356,2.70805020110221,4.6913478822291435,2.772588722239781,0.0,0,0
CFX,2.8903717578961645,2.5712815906582356,2.70805020110221,5.337538079701318,2.772588722239781,2.320794416806389,0,1
CGTK,2.772588722239781,2.519842099789747,2.6390573296152584,3.6375861597263857,2.70805020110221,1.8820720577620569,0,1
CHEF,2.70805020110221,2.519842099789747,2.6390573296152584,4.406719247264253,2.70805020110221,0.0,0,1
CLAY,2.833213344056216,2.5712815906582356,2.70805020110221,4.68213122712422,2.772588722239781,1.8420157493201932,0,1
CLD,2.70805020110221,2.620741394208897,2.772588722239781,5.43372200355424,2.833213344056216,0.0,1,0
CLU,2.5649493574615367,2.5712815906582356,2.70805020110221,4.30406509320417,2.772588722239781,0.0,1,0
CLUB,2.5649493574615367,2.620741394208897,2.772588722239781,4.382026634673881,2.833213344056216,0.0,1,1
CLWR,3.2188758248682006,2.924017738212866,3.1354942159291497,4.990432586778736,3.1780538303479458,1.6091489743427165,0,0
CML,2.6026896854443837,2.2894284851066633,2.302585092994046,4.969813299576001,2.3978952727983707,2.8325816747135235,0,1
CMP,2.5649493574615367,2.46621207433047,2.5649493574615367,4.6443908991413725,2.6390573296152584,0.0,1,1
CNSL,2.5649493574615367,2.519842099789747,2.6390573296152584,5.6131281063880705,2.70805020110221,0.0,1,1
CNVO,2.1972245773362196,2.2894284851066633,2.302585092994046,4.897839799950911,2.3978952727983707,0.0,1,1
CNVX,2.4849066497880004,2.4101422641752306,2.4849066497880004,3.6109179126442243,2.5649493574615367,0.0,1,1
COGT,2.4849066497880004,2.2894284851066633,2.302585092994046,4.574710978503383,2.3978952727983707,2.087064022423232,0,1
COLY,2.772588722239781,2.519842099789747,2.6390573296152584,4.219507705176107,2.70805020110221,1.8820720577620569,0,1
COMV,2.8903717578961645,2.5712815906582356,2.70805020110221,4.770684624465665,2.772588722239781,2.320794416806389,0,1
CONN,2.6390573296152584,2.4101422641752306,2.4849066497880004,5.030437921392435,2.5649493574615367,1.9740230337485711,0,0
CONR,2.5649493574615367,2.3513346877207577,2.3978952727983707,4.499809670330265,2.4849066497880004,2.027400665191134,0,1
CORT,2.4849066497880004,2.5712815906582356,2.70805020110221,3.8066624897703196,2.772588722239781,0.0,1,1
CPII,2.8903717578961645,2.620741394208897,2.772588722239781,4.859812404361672,2.833213344056216,1.805165505978112,0,0
CPIX,2.833213344056216,2.519842099789747,2.6390573296152584,3.970291913552122,2.70805020110221,2.371262202993375,0,0
CPX,3.1780538303479458,2.8844991406148166,3.091042453358316,4.804021044733257,3.1354942159291497,1.6321399230336169,0,1
CRDC,2.302585092994046,2.2894284851066633,2.302585092994046,4.1588830833596715,2.3978952727983707,0.0,1,1
CREL,2.772588722239781,2.7144176165949063,2.8903717578961645,5.030437921392435,2.9444389791664403,0.0,1,0
CRI,2.9444389791664403,2.6684016487219453,2.833213344056216,4.6443908991413725,2.8903717578961645,1.7710976153043514,0,0
CRMH,2.5649493574615367,2.519842099789747,2.5649493574615367,5.3471075307174685,2.6741486494265287,0.0,1,1
CROX,3.044522437723423,2.7144176165949063,2.9444389791664403,4.564348191467836,2.970414465569701,1.9740230337485711,0,0
CRU,2.9444389791664403,2.7589241763811208,2.9444389791664403,4.23410650459726,2.995732273553991,0.0,1,0
CRYO,2.3978952727983707,2.3513346877207577,2.3978952727983707,3.9512437185814275,2.4849066497880004,0.0,1,0
CSCD,2.6390573296152584,2.3513346877207577,2.3978952727983707,4.844187086458591,2.4849066497880004,2.5543647746451774,0,0
CSIQ,2.70805020110221,2.46621207433047,2.5649493574615367,4.890349128221754,2.6390573296152584,1.9258567855541788,0,1
CSTE,2.3978952727983707,2.519842099789747,2.6390573296152584,5.043425116919247,2.70805020110221,0.0,1,1
CTCT,2.772588722239781,2.4101422641752306,2.4849066497880004,3.9318256327243257,2.5649493574615367,2.847033872200803,0,1
CTP,2.5649493574615367,2.4101422641752306,2.4849066497880004,3.6375861597263857,2.5649493574615367,0.0,0,0
CTRN,2.6390573296152584,2.4101422641752306,2.4849066497880004,3.9889840465642745,2.5649493574615367,1.9740230337485711,0,1
CVGI,2.5649493574615367,2.5712815906582356,2.70805020110221,4.7535901911063645,2.772588722239781,0.0,1,1
CVI,2.9444389791664403,2.7144176165949063,2.8903717578961645,5.82600010738045,2.9444389791664403,0.0,0,1
CXO,2.4423470353692043,2.519842099789747,2.6390573296152584,4.787491742782046,2.70805020110221,0.0,1,1
CYNO,2.70805020110221,2.4101422641752306,2.4849066497880004,4.0943445622221,2.5649493574615367,2.4871131731971623,0,1
CYTK,2.5649493574615367,2.3513346877207577,2.3978952727983707,3.871201010907891,2.4849066497880004,2.027400665191134,0,1
CZR,2.1972245773362196,2.1544346900318834,2.0794415416798357,5.634789603169249,2.1972245773362196,0.0,0,1
DBTK,2.3978952727983707,2.2239800905693157,2.1972245773362196,4.543294782270004,2.302585092994046,2.1544346900318834,0,1
DCIN,1.8082887711792655,2.080083823051904,1.791759469228055,3.6635616461296463,2.0149030205422647,0.0,1,1
DCP,2.70805020110221,2.5712815906582356,2.70805020110221,4.330733340286331,2.772588722239781,0.0,1,0
DDMG,2.1400661634962708,2.2894284851066633,2.302585092994046,5.181783550292085,2.3978952727983707,0.0,1,0
DDUP,2.70805020110221,2.3811015779522995,2.4423470353692043,4.499809670330265,2.5257286443082556,2.7144176165949063,0,1
DEEP,2.70805020110221,2.519842099789747,2.6390573296152584,4.23410650459726,2.70805020110221,0.0,0,1
DEIX,2.772588722239781,2.5712815906582356,2.70805020110221,4.74493212836325,2.772588722239781,0.0,0,0
DEX,2.9444389791664403,2.9624960684073707,3.1354942159291497,4.290459441148391,3.1986731175506815,0.0,1,1
DG,3.044522437723423,2.843866979851566,3.044522437723423,5.44673737166631,3.091042453358316,0.0,1,1
DHX,2.5649493574615367,2.3513346877207577,2.3978952727983707,5.272999558563747,2.4849066497880004,2.027400665191134,0,1
DIVX,2.772588722239781,2.4101422641752306,2.4849066497880004,4.532599493153256,2.5649493574615367,2.847033872200803,0,1
DK,2.772588722239781,2.519842099789747,2.6390573296152584,4.060443010546419,2.70805020110221,1.8820720577620569,0,1
DLB,2.8903717578961645,2.620741394208897,2.772588722239781,4.804021044733257,2.833213344056216,1.805165505978112,0,1
DM,2.6741486494265287,2.493315476119323,2.6026896854443837,5.2574953720277815,2.6741486494265287,0.0,0,1
DMAN,2.3978952727983707,2.2894284851066633,2.302585092994046,4.564348191467836,2.3978952727983707,0.0,0,0
DMD,2.833213344056216,2.519842099789747,2.6390573296152584,5.10594547390058,2.70805020110221,2.371262202993375,0,1
DMED,1.9459101490553132,2.2894284851066633,2.302585092994046,4.852030263919617,2.3978952727983707,0.0,1,0
DMND,2.833213344056216,2.519842099789747,2.6390573296152584,3.6888794541139363,2.70805020110221,2.371262202993375,0,1
DNKN,2.9444389791664403,2.620741394208897,2.772588722239781,5.455321115357702,2.833213344056216,2.274366019525953,0,1
DOLE,2.5257286443082556,2.46621207433047,2.5649493574615367,5.66988092298052,2.6390573296152584,0.0,1,0
DPZ,2.6390573296152584,2.5712815906582356,2.70805020110221,4.007333185232471,2.772588722239781,0.0,1,0
DRC,3.044522437723423,2.7589241763811208,2.9444389791664403,4.77912349311153,2.995732273553991,1.7099759466766968,0,1
DRTX,2.1972245773362196,2.3513346877207577,2.3978952727983707,4.624972813284271,2.4849066497880004,0.0,1,1
DSUP,2.4849066497880004,2.46621207433047,2.5649493574615367,5.153291594497779,2.6390573296152584,0.0,1,0
DSW,2.9444389791664403,2.5712815906582356,2.70805020110221,4.477336814478207,2.772588722239781,2.656646422956528,0,0
DTSI,2.833213344056216,2.519842099789747,2.6390573296152584,4.553876891600541,2.70805020110221,2.371262202993375,0,1
DVAX,2.0149030205422647,2.4101422641752306,2.4849066497880004,3.784189633918261,2.5649493574615367,0.0,1,1
DVOX,2.70805020110221,2.5712815906582356,2.70805020110221,4.532599493153256,2.772588722239781,0.0,1,0
DVR,2.5649493574615367,2.519842099789747,2.6390573296152584,4.330733340286331,2.70805020110221,0.0,1,0
DWA,3.332204510175204,2.924017738212866,3.1354942159291497,4.143134726391533,3.1780538303479458,2.5543647746451774,0,1
DWRE,2.772588722239781,2.4384994805366564,2.5257286443082556,4.564348191467836,2.6026896854443837,2.645668419946999,0,1
DWRI,2.4849066497880004,2.2894284851066633,2.302585092994046,3.8918202981106265,2.3978952727983707,2.087064022423232,0,1
DXCM,2.4849066497880004,2.4101422641752306,2.4849066497880004,3.4011973816621555,2.5649493574615367,0.0,1,0
DYP,2.1400661634962708,2.1897595699439445,2.1400661634962708,5.438079308923196,2.2512917986064953,0.0,1,0
EBS,2.5257286443082556,2.519842099789747,2.6390573296152584,4.330733340286331,2.70805020110221,0.0,1,0
ECHO,2.6390573296152584,2.46621207433047,2.5649493574615367,3.871201010907891,2.6390573296152584,0.0,0,1
ECYT,1.791759469228055,2.46621207433047,2.5649493574615367,4.5217885770490405,2.6390573296152584,0.0,1,1
EDG,2.3978952727983707,2.519842099789747,2.6390573296152584,5.4116460518550396,2.70805020110221,0.0,1,0
EDMC,2.8903717578961645,2.7144176165949063,2.8903717578961645,5.087596335232384,2.9444389791664403,0.0,1,1
EEEE,2.3978952727983707,2.519842099789747,2.6390573296152584,4.382026634673881,2.70805020110221,0.0,1,1
EGLT,2.740840023925201,2.519842099789747,2.6390573296152584,4.290459441148391,2.70805020110221,1.4938015821857216,0,0
ELOQ,2.4423470353692043,2.2571787177370006,2.2512917986064953,4.795790545596741,2.3513752571634776,2.1196796658966526,0,1
EM,2.740840023925201,2.493315476119323,2.6026896854443837,4.727387818712341,2.6741486494265287,1.9034610713106546,0,1
EMAG,2.5649493574615367,2.46621207433047,2.5649493574615367,4.48863636973214,2.6390573296152584,0.0,1,1
ENPH,1.791759469228055,1.9129311827723894,1.791759469228055,4.74493212836325,1.8718021769015913,0.0,1,1
ENSG,2.772588722239781,2.8020393306553877,2.995732273553991,4.976733742420574,3.044522437723423,0.0,1,0
ENTA,2.6390573296152584,2.519842099789747,2.6390573296152584,4.465908118654584,2.70805020110221,0.0,1,1
ENTR,1.791759469228055,2.0,1.791759469228055,4.77912349311153,1.9459101490553132,0.0,1,1
ENV,2.1972245773362196,2.1544346900318834,2.1972245773362196,4.59511985013459,2.2512917986064953,0.0,1,1
EPAM,2.4849066497880004,2.620741394208897,2.772588722239781,4.68213122712422,2.833213344056216,0.0,1,1
EPOC,2.772588722239781,2.46621207433047,2.5649493574615367,4.882801922586371,2.6390573296152584,2.4264275032025866,0,1
ERII,2.1400661634962708,2.080083823051904,1.9459101490553132,4.189654742026425,2.0794415416798357,1.8420157493201932,0,1
ETRM,2.0794415416798357,2.080083823051904,2.0794415416798357,4.276666119016055,2.1400661634962708,0.0,1,1
EVVV,2.6390573296152584,2.620741394208897,2.772588722239781,5.209486152841421,2.833213344056216,0.0,1,1
EXA,2.302585092994046,2.3513346877207577,2.3978952727983707,5.017279836814924,2.4849066497880004,0.0,1,0
EXAM,2.772588722239781,2.620741394208897,2.772588722239781,4.948759890378168,2.833213344056216,0.0,1,1
EXLS,2.6026896854443837,2.2894284851066633,2.302585092994046,4.718498871295094,2.3978952727983707,2.8325816747135235,0,1
EXPR,2.833213344056216,2.7144176165949063,2.8903717578961645,5.19295685089021,2.9444389791664403,0.0,1,0
EYET,3.044522437723423,2.7144176165949063,2.8903717578961645,3.5263605246161616,2.9444389791664403,2.19158741684435,0,1
FACE,2.833213344056216,2.5712815906582356,2.70805020110221,4.418840607796598,2.772588722239781,1.8420157493201932,0,1
FANG,2.8622008809294686,2.6684016487219453,2.833213344056216,5.0689042022202315,2.8903717578961645,0.0,1,0
FB,3.6375861597263857,3.3619754067989636,3.5263605246161616,4.653960350157523,3.58351893845611,1.7710976153043514,0,1
FCL,3.091042453358316,2.6684016487219453,2.833213344056216,5.236441962829949,2.8903717578961645,2.811442217672497,0,0
FFN,2.302585092994046,2.2894284851066633,2.302585092994046,5.43372200355424,2.3978952727983707,0.0,1,0
FIO,2.9444389791664403,2.620741394208897,2.772588722239781,4.700480365792417,2.833213344056216,2.274366019525953,0,1
FIRE,2.70805020110221,2.4101422641752306,2.4849066497880004,5.003946305945459,2.5649493574615367,2.4871131731971623,0,1
FIVE,2.833213344056216,2.5712815906582356,2.70805020110221,4.343805421853684,2.772588722239781,1.8420157493201932,0,1
FLT,3.1354942159291497,2.9624960684073707,3.1354942159291497,5.0369526024136295,3.1986731175506815,0.0,1,1
FLTX,2.833213344056216,2.5712815906582356,2.70805020110221,5.384495062789089,2.772588722239781,1.8420157493201932,0,1
FN,2.302585092994046,2.4101422641752306,2.4849066497880004,4.976733742420574,2.5649493574615367,0.0,1,1
FNET,2.1972245773362196,2.3513346877207577,2.3978952727983707,4.276666119016055,2.4849066497880004,0.0,1,1
FOLD,2.70805020110221,2.519842099789747,2.6390573296152584,4.3694478524670215,2.70805020110221,0.0,0,0
FOXH,2.6390573296152584,2.4101422641752306,2.4849066497880004,3.784189633918261,2.5649493574615367,1.9740230337485711,0,1
FRAN,2.833213344056216,2.519842099789747,2.6390573296152584,5.003946305945459,2.70805020110221,2.371262202993375,0,1
FRP,2.917770732084279,2.7144176165949063,2.8903717578961645,4.762173934797756,2.9444389791664403,0.0,1,0
FSL,2.8903717578961645,2.8844991406148166,3.091042453358316,5.993961427306569,3.1354942159291497,0.0,1,1
FSLR,2.995732273553991,2.6684016487219453,2.833213344056216,5.231108616854587,2.8903717578961645,2.2314431669405645,0,1
FSTC,2.4849066497880004,2.4101422641752306,2.4849066497880004,4.248495242049359,2.5649493574615367,0.0,1,0
FTD,2.5649493574615367,2.4101422641752306,2.4849066497880004,4.290459441148391,2.5649493574615367,0.0,0,1
FTNT,2.5257286443082556,2.2239800905693157,2.1972245773362196,4.875197323201151,2.302585092994046,2.924017738212866,0,0
FUQI,2.1972245773362196,2.080083823051904,1.9459101490553132,4.406719247264253,2.0794415416798357,2.320794416806389,0,1
G,2.6390573296152584,2.620741394208897,2.772588722239781,4.727387818712341,2.833213344056216,0.0,1,1
GASS,2.6741486494265287,2.519842099789747,2.6390573296152584,4.060443010546419,2.70805020110221,0.0,1,0
GEVO,2.70805020110221,2.46621207433047,2.5649493574615367,4.941642422609304,2.6390573296152584,1.9258567855541788,0,1
GGL,2.8903717578961645,2.620741394208897,2.772588722239781,4.430816798843313,2.833213344056216,1.805165505978112,0,1
GGS,2.4849066497880004,2.5712815906582356,2.70805020110221,4.718498871295094,2.772588722239781,0.0,1,0
GGXY,2.6390573296152584,2.3513346877207577,2.3978952727983707,4.330733340286331,2.4849066497880004,2.5543647746451774,0,1
GHDX,2.4849066497880004,2.4101422641752306,2.4849066497880004,3.8066624897703196,2.5649493574615367,0.0,1,0
GKIS,2.3978952727983707,2.519842099789747,2.6390573296152584,4.68213122712422,2.70805020110221,0.0,1,1
GLOG,2.6390573296152584,2.620741394208897,2.772588722239781,4.465908118654584,2.833213344056216,0.0,1,0
GLUU,2.4423470353692043,2.2894284851066633,2.302585092994046,5.1298987149230735,2.3978952727983707,1.6565038123598101,0,1
GMAN,2.3978952727983707,2.46621207433047,2.5649493574615367,4.48863636973214,2.6390573296152584,0.0,1,1
GMED,2.4849066497880004,2.3513346877207577,2.4849066497880004,4.9344739331306915,2.5257286443082556,0.0,1,1
GMET,2.302585092994046,2.46621207433047,2.5649493574615367,5.043425116919247,2.6390573296152584,0.0,1,0
GMTN,2.772588722239781,2.519842099789747,2.6390573296152584,3.9512437185814275,2.70805020110221,1.8820720577620569,0,1
GNMK,1.791759469228055,1.9129311827723894,1.791759469228055,4.574710978503383,1.8718021769015913,0.0,1,0
GNOM,2.1972245773362196,2.4101422641752306,2.4849066497880004,4.969813299576001,2.5649493574615367,0.0,1,0
GNRC,2.5649493574615367,2.5712815906582356,2.70805020110221,5.25227342804663,2.772588722239781,0.0,1,0
GOLF,2.4423470353692043,2.519842099789747,2.6390573296152584,4.762173934797756,2.70805020110221,0.0,1,0
GOOG,4.442651256490317,5.129927840030091,4.68213122712422,4.465908118654584,4.799914262780603,0.0,1,0
GRPN,2.995732273553991,2.620741394208897,2.772588722239781,4.770684624465665,2.833213344056216,2.6034991753306884,0,1
GSAT,2.833213344056216,2.620741394208897,2.772588722239781,5.429345628954441,2.833213344056216,0.0,0,0
GSE,2.1972245773362196,2.2239800905693157,2.0794415416798357,5.3230099791384085,2.2512917986064953,0.0,1,1
GTEC,2.5649493574615367,2.519842099789747,2.6390573296152584,4.356708826689592,2.70805020110221,0.0,1,1
GTOP,2.1972245773362196,2.3513346877207577,2.1972245773362196,4.07753744390572,2.3978952727983707,0.0,1,1
GTXI,2.6741486494265287,2.46621207433047,2.5649493574615367,3.912023005428146,2.6390573296152584,1.5285535436643993,0,0
GUID,2.4423470353692043,2.4384994805366564,2.5257286443082556,5.176149732573829,2.6026896854443837,0.0,1,1
GWAY,2.302585092994046,2.3513346877207577,2.3978952727983707,4.30406509320417,2.4849066497880004,0.0,1,1
GXDX,2.833213344056216,2.519842099789747,2.6390573296152584,4.8283137373023015,2.70805020110221,2.371262202993375,0,1
HCA,3.4011973816621555,3.107232505953859,3.295836866004329,5.662960480135946,3.349904087274605,1.739464085489495,0,1
HCCI,2.4423470353692043,2.320794416806389,2.3513752571634776,4.110873864173311,2.4423470353692043,0.0,0,1
HEES,2.8903717578961645,2.5712815906582356,2.70805020110221,5.030437921392435,2.772588722239781,2.320794416806389,0,1
HEM,1.7047480922384253,2.0,1.791759469228055,3.912023005428146,1.9459101490553132,0.0,1,1
HERO,2.995732273553991,2.7144176165949063,2.8903717578961645,4.634728988229636,2.9444389791664403,1.739464085489495,0,0
HGG,2.5649493574615367,2.5712815906582356,2.70805020110221,4.343805421853684,2.772588722239781,0.0,1,1
HIRE,2.70805020110221,2.5712815906582356,2.70805020110221,4.2626798770413155,2.772588722239781,0.0,1,0
HITT,2.833213344056216,2.519842099789747,2.6390573296152584,4.219507705176107,2.70805020110221,2.371262202993375,0,1
HLYS,3.044522437723423,2.620741394208897,2.772588722239781,4.2626798770413155,2.833213344056216,2.8655216231663623,0,1
HNSN,2.4849066497880004,2.3513346877207577,2.3978952727983707,4.454347296253507,2.4849066497880004,0.0,0,1
HOO,2.4849066497880004,2.3513346877207577,2.4849066497880004,5.356586274672012,2.5257286443082556,0.0,1,0
HPTX,2.302585092994046,2.3513346877207577,2.3978952727983707,4.584967478670572,2.4849066497880004,0.0,1,1
HPY,2.8903717578961645,2.519842099789747,2.6390573296152584,4.990432586778736,2.70805020110221,2.7144176165949063,0,1
HRZ,2.302585092994046,2.5712815906582356,2.70805020110221,4.406719247264253,2.772588722239781,0.0,1,1
HS,2.970414465569701,2.620741394208897,2.772588722239781,4.897839799950911,2.833213344056216,2.449986525148223,0,1
HTZ,2.70805020110221,2.620741394208897,2.772588722239781,5.332718793265369,2.833213344056216,0.0,1,1
HUN,3.1354942159291497,2.843866979851566,3.044522437723423,6.131226489483141,3.091042453358316,1.6565038123598101,0,1
HURN,2.70805020110221,2.519842099789747,2.6390573296152584,3.871201010907891,2.70805020110221,0.0,0,1
IBI,2.70805020110221,2.5712815906582356,2.70805020110221,4.189654742026425,2.772588722239781,0.0,1,1
ICFI,2.4849066497880004,2.519842099789747,2.6390573296152584,4.290459441148391,2.70805020110221,0.0,1,1
ICPT,2.70805020110221,2.46621207433047,2.5649493574615367,4.68213122712422,2.6390573296152584,1.9258567855541788,0,1
ICXT,2.772588722239781,2.6684016487219453,2.833213344056216,5.313205979041787,2.8903717578961645,0.0,1,0
IFO,1.791759469228055,1.866255578408624,1.7047480922384253,3.6375861597263857,1.791759469228055,0.0,0,0
IKAN,2.4849066497880004,2.2894284851066633,2.302585092994046,6.8501261661455,2.3978952727983707,2.087064022423232,0,1
IL,2.5649493574615367,2.519842099789747,2.6390573296152584,5.4116460518550396,2.70805020110221,0.0,1,0
ILSE,2.5649493574615367,2.3513346877207577,2.3978952727983707,4.477336814478207,2.4849066497880004,2.027400665191134,0,1
IMI,2.302585092994046,2.4101422641752306,2.4849066497880004,4.812184355372417,2.5649493574615367,0.0,1,0
IMMC,2.0794415416798357,2.2239800905693157,2.1972245773362196,4.110873864173311,2.302585092994046,0.0,1,1
INCX,2.0794415416798357,2.1544346900318834,2.0794415416798357,3.7376696182833684,2.1972245773362196,0.0,1,0
INET,2.0794415416798357,2.2894284851066633,2.302585092994046,4.3694478524670215,2.3978952727983707,0.0,1,0
INHX,1.9459101490553132,2.2894284851066633,2.302585092994046,4.060443010546419,2.3978952727983707,0.0,1,1
INPC,2.9444389791664403,2.5712815906582356,2.70805020110221,4.709530201312334,2.772588722239781,2.656646422956528,0,1
INVN,2.0149030205422647,2.040827550958674,1.9459101490553132,4.382026634673881,2.0476928433652555,0.0,1,1
INWK,2.1972245773362196,2.080083823051904,2.0794415416798357,3.5553480614894135,2.1400661634962708,1.805165505978112,0,1
IOMI,1.9459101490553132,2.080083823051904,1.9459101490553132,4.23410650459726,2.0794415416798357,0.0,1,0
IPAS,2.6390573296152584,2.2239800905693157,2.1972245773362196,4.007333185232471,2.302585092994046,3.4199518933533937,0,1
IPCM,2.772588722239781,2.5712815906582356,2.70805020110221,4.787491742782046,2.772588722239781,0.0,0,1
IPDN,2.0794415416798357,2.2894284851066633,2.302585092994046,3.970291913552122,2.3978952727983707,0.0,1,0
IPGP,2.803360380906535,2.493315476119323,2.6026896854443837,4.68213122712422,2.6741486494265287,2.39821067139974,0,1
IPHI,2.4849066497880004,2.2894284851066633,2.302585092994046,4.997212273764115,2.3978952727983707,2.087064022423232,0,1
IPHS,2.4849066497880004,2.3513346877207577,2.4849066497880004,5.198497031265826,2.5257286443082556,0.0,1,1
IPI,3.4657359027997265,3.0723168256858475,3.295836866004329,4.890349128221754,3.332204510175204,2.4264275032025866,0,1
IPMT,2.772588722239781,2.519842099789747,2.6390573296152584,4.330733340286331,2.70805020110221,1.8820720577620569,0,1
IRWD,2.4203681286504293,2.519842099789747,2.6390573296152584,4.983606621708336,2.70805020110221,0.0,1,1
ISLN,2.5649493574615367,2.2894284851066633,2.3978952727983707,4.382026634673881,2.4423470353692043,2.353953102676801,0,1
ITC,3.1354942159291497,2.7589241763811208,2.9444389791664403,4.48863636973214,2.995732273553991,2.46621207433047,0,0
ITLN,1.791759469228055,2.2239800905693157,2.1972245773362196,4.394449154672439,2.302585092994046,0.0,1,1
IVII,2.6390573296152584,2.3513346877207577,2.3978952727983707,4.836281906951478,2.4849066497880004,2.5543647746451774,0,1
IWA,2.9444389791664403,2.7144176165949063,2.8903717578961645,4.787491742782046,2.9444389791664403,0.0,0,1
JOR,2.302585092994046,2.3513346877207577,2.3978952727983707,4.820281565605037,2.4849066497880004,0.0,1,0
KAR,2.4849066497880004,2.5712815906582356,2.70805020110221,5.049856007249537,2.772588722239781,0.0,1,1
KBAY,2.5649493574615367,2.46621207433047,2.5649493574615367,4.77912349311153,2.6390573296152584,0.0,1,1
KCI,3.4011973816621555,3.0723168256858475,3.295836866004329,4.795790545596741,3.332204510175204,1.9258567855541788,0,1
KEYW,2.302585092994046,2.2894284851066633,2.302585092994046,4.406719247264253,2.3978952727983707,0.0,1,1
KIOR,2.70805020110221,2.7589241763811208,2.9444389791664403,4.499809670330265,2.995732273553991,0.0,1,0
KIPS,2.0794415416798357,0.0,2.0794415416798357,4.77912349311153,1.3862943611198906,4.641588833612778,0,0
KNOL,2.1972245773362196,2.4101422641752306,2.4849066497880004,4.330733340286331,2.5649493574615367,0.0,1,1
KNTA,1.9459101490553132,2.1544346900318834,2.0794415416798357,3.5263605246161616,2.1972245773362196,0.0,1,1
KNXA,2.4849066497880004,2.519842099789747,2.6390573296152584,4.584967478670572,2.70805020110221,0.0,1,1
KONA,2.3978952727983707,2.2239800905693157,2.302585092994046,4.204692619390966,2.3513752571634776,1.682390865739974,0,1
KORS,2.995732273553991,2.6684016487219453,2.833213344056216,4.5217885770490405,2.8903717578961645,2.2314431669405645,0,1
KRA,2.6026896854443837,2.620741394208897,2.772588722239781,5.043425116919247,2.833213344056216,0.0,1,1
LDIS,2.6390573296152584,2.4101422641752306,2.4849066497880004,3.9318256327243257,2.5649493574615367,1.9740230337485711,0,0
LGBT,2.1972245773362196,2.2239800905693157,2.1972245773362196,4.1588830833596715,2.302585092994046,0.0,1,1
LHCG,2.6390573296152584,2.4101422641752306,2.4849066497880004,4.61512051684126,2.5649493574615367,1.9740230337485711,0,1
LIMC,2.3978952727983707,2.2571787177370006,2.2512917986064953,3.9512437185814275,2.3513752571634776,1.682390865739974,0,1
LIMS,2.6026896854443837,2.493315476119323,2.6026896854443837,4.454347296253507,2.6741486494265287,0.0,1,1
LINC,2.995732273553991,2.7589241763811208,2.9444389791664403,4.31748811353631,2.995732273553991,0.0,0,1
LLNW,2.70805020110221,2.4101422641752306,2.4849066497880004,4.976733742420574,2.5649493574615367,2.4871131731971623,0,1
LMAT,1.9459101490553132,2.1544346900318834,2.0794415416798357,5.017279836814924,2.1972245773362196,0.0,1,0
LNKD,3.8066624897703196,3.5568933044900626,3.7376696182833684,4.330733340286331,3.7727609380946383,1.5107780534895245,0,1
LOCK,2.1972245773362196,2.2571787177370006,2.2512917986064953,5.3612921657094255,2.3513752571634776,0.0,1,0
LOGM,2.772588722239781,2.519842099789747,2.6390573296152584,4.68213122712422,2.70805020110221,1.8820720577620569,0,1
LPI,2.833213344056216,2.7144176165949063,2.8903717578961645,5.327876168789581,2.9444389791664403,0.0,1,1
LPR,2.5649493574615367,2.7144176165949063,2.8903717578961645,4.927253685157205,2.9444389791664403,0.0,1,0
LQDT,2.302585092994046,2.2239800905693157,2.1972245773362196,3.970291913552122,2.302585092994046,0.0,0,1
LTM,2.917770732084279,2.6684016487219453,2.833213344056216,3.8066624897703196,2.8903717578961645,1.4057211088362485,0,1
LULU,2.8903717578961645,2.5712815906582356,2.70805020110221,5.0238805208462765,2.772588722239781,2.320794416806389,0,0
LUNA,1.791759469228055,2.0,1.791759469228055,3.970291913552122,1.9459101490553132,0.0,1,0
LVS,3.367295829986474,2.9624960684073707,3.1780538303479458,4.718498871295094,3.2188758248682006,2.519842099789747,0,1
MA,3.6635616461296463,3.5033980603867243,3.6888794541139363,4.6913478822291435,3.7256934272366524,0.0,1,0
MACK,1.9459101490553132,2.1544346900318834,2.0794415416798357,4.852030263919617,2.1972245773362196,0.0,1,0
MAKO,2.302585092994046,2.2239800905693157,2.302585092994046,4.605170185988092,2.3513752571634776,0.0,1,0
MANU,2.6390573296152584,2.7144176165949063,2.772588722239781,4.59511985013459,2.8903717578961645,0.0,1,0
MAPP,2.4849066497880004,2.519842099789747,2.6390573296152584,4.060443010546419,2.70805020110221,0.0,1,1
MASI,2.833213344056216,2.620741394208897,2.772588722239781,5.209486152841421,2.833213344056216,0.0,0,1
MATH,1.791759469228055,2.0,1.791759469228055,4.189654742026425,1.9459101490553132,0.0,1,0
MBLX,2.6390573296152584,2.4101422641752306,2.4849066497880004,4.5217885770490405,2.5649493574615367,1.9740230337485711,0,1
MBRX,1.9459101490553132,2.3513346877207577,2.3978952727983707,3.5263605246161616,2.4849066497880004,0.0,1,0
MCP,2.6390573296152584,2.5712815906582356,2.70805020110221,4.6913478822291435,2.772588722239781,0.0,1,0
MDAS,2.772588722239781,2.519842099789747,2.6390573296152584,5.198497031265826,2.70805020110221,1.8820720577620569,0,1
MDMD,2.4423470353692043,2.519842099789747,2.6390573296152584,4.543294782270004,2.70805020110221,0.0,1,0
MDSO,2.6390573296152584,2.3513346877207577,2.3978952727983707,5.087596335232384,2.4849066497880004,2.5543647746451774,0,0
MEDE,2.302585092994046,2.3811015779522995,2.4423470353692043,5.662960480135946,2.5257286443082556,0.0,1,0
MEDH,2.0794415416798357,2.2894284851066633,2.302585092994046,4.875197323201151,2.3978952727983707,0.0,1,1
MELA,1.6094379124341003,1.866255578408624,1.7047480922384253,3.8501476017100584,1.791759469228055,0.0,1,1
MEMS,2.302585092994046,2.3513346877207577,2.3978952727983707,4.663439094112067,2.4849066497880004,0.0,1,1
MEND,2.3978952727983707,2.4101422641752306,2.4849066497880004,4.836281906951478,2.5649493574615367,0.0,1,1
MFLX,2.302585092994046,2.4101422641752306,2.4849066497880004,4.5217885770490405,2.5649493574615367,0.0,1,1
MG,2.5257286443082556,2.519842099789747,2.6390573296152584,5.030437921392435,2.70805020110221,0.0,1,1
MHGC,2.995732273553991,2.7589241763811208,2.9444389791664403,4.74493212836325,2.995732273553991,0.0,0,0
MIPI,2.6390573296152584,2.519842099789747,2.6390573296152584,4.382026634673881,2.70805020110221,0.0,1,1
MJN,3.1780538303479458,2.8844991406148166,3.044522437723423,4.709530201312334,3.1135153092103742,1.8820720577620569,0,1
MKTG,2.4849066497880004,2.1544346900318834,2.1400661634962708,4.48863636973214,2.224623551524334,3.0978733152070044,0,1
MLNX,2.833213344056216,2.519842099789747,2.6390573296152584,4.477336814478207,2.70805020110221,2.371262202993375,0,1
MM,2.5649493574615367,2.2239800905693157,2.1972245773362196,4.68213122712422,2.302585092994046,3.107232505953859,0,1
MNKD,2.6390573296152584,2.46621207433047,2.5649493574615367,4.110873864173311,2.6390573296152584,0.0,0,1
MNTA,1.8718021769015913,2.080083823051904,1.9459101490553132,3.295836866004329,2.0794415416798357,0.0,1,1
MOH,2.8622008809294686,2.620741394208897,2.772588722239781,3.332204510175204,2.833213344056216,1.4327608115831811,0,0
MOTR,2.302585092994046,2.2239800905693157,2.302585092994046,5.69035945432406,2.3513752571634776,0.0,1,1
MOTV,2.302585092994046,2.3513346877207577,2.3978952727983707,4.897839799950911,2.4849066497880004,0.0,1,1
MPO,2.5649493574615367,2.620741394208897,2.772588722239781,4.897839799950911,2.833213344056216,0.0,1,1
MPWR,2.1400661634962708,2.080083823051904,1.9459101490553132,5.247024072160486,2.0794415416798357,1.8420157493201932,0,1
MRC,3.044522437723423,2.843866979851566,3.044522437723423,5.796057750765372,3.091042453358316,0.0,1,1
MRIN,2.6390573296152584,2.3513346877207577,2.3978952727983707,4.6913478822291435,2.4849066497880004,2.5543647746451774,0,1
MRT,2.833213344056216,2.519842099789747,2.6390573296152584,5.0238805208462765,2.70805020110221,2.371262202993375,0,1
MTDR,2.4849066497880004,2.519842099789747,2.6390573296152584,5.308267697401205,2.70805020110221,0.0,1,0
MTSI,2.9444389791664403,2.6684016487219453,2.833213344056216,5.0106352940962555,2.8903717578961645,1.7710976153043514,0,1
MUSA,3.044522437723423,2.7144176165949063,2.8903717578961645,5.099866427824199,2.9444389791664403,2.19158741684435,0,0
MXL,2.6390573296152584,2.3513346877207577,2.3978952727983707,4.48863636973214,2.4849066497880004,2.5543647746451774,0,1
MYOG,2.6390573296152584,2.519842099789747,2.6390573296152584,3.970291913552122,2.70805020110221,0.0,1,1
N,3.258096538021482,2.519842099789747,2.5649493574615367,4.23410650459726,2.6741486494265287,4.296451820203281,0,1
NCIT,2.3513752571634776,2.2894284851066633,2.302585092994046,3.5553480614894135,2.3978952727983707,0.0,1,1
NCMI,3.044522437723423,2.7144176165949063,2.8903717578961645,4.51085950651685,2.9444389791664403,2.19158741684435,0,1
NETL,2.4849066497880004,2.4101422641752306,2.4849066497880004,4.90527477843843,2.5649493574615367,0.0,1,0
NEXT,2.6390573296152584,2.519842099789747,2.6390573296152584,4.0943445622221,2.70805020110221,0.0,1,1
NGSX,2.3978952727983707,2.46621207433047,2.5649493574615367,4.02535169073515,2.6390573296152584,0.0,1,0
NGVC,2.70805020110221,2.46621207433047,2.5649493574615367,3.091042453358316,2.6390573296152584,1.9258567855541788,0,1
NHWK,2.772588722239781,2.4101422641752306,2.4849066497880004,4.74493212836325,2.5649493574615367,2.847033872200803,0,1
NILE,3.0204248861443626,2.691606306043642,2.8622008809294686,3.6375861597263857,2.917770732084279,2.2111561970705265,0,1
NLC,2.70805020110221,2.6684016487219453,2.833213344056216,5.209486152841421,2.8903717578961645,0.0,1,1
NLSN,3.1354942159291497,2.8020393306553877,2.995732273553991,6.102558594613569,3.044522437723423,2.1196796658966526,0,1
NOR,2.0794415416798357,2.080083823051904,2.0794415416798357,5.817111159963204,2.1400661634962708,0.0,1,1
NOW,2.8903717578961645,2.5712815906582356,2.70805020110221,4.812184355372417,2.772588722239781,2.320794416806389,0,1
NPTN,2.3978952727983707,2.2239800905693157,2.1972245773362196,5.2832037287379885,2.302585092994046,2.1544346900318834,0,1
NPTT,2.4849066497880004,1.4422495703074083,2.3978952727983707,4.890349128221754,1.9459101490553132,4.149132666831218,0,0
NSE,2.803360380906535,2.7144176165949063,2.8903717578961645,4.820281565605037,2.9444389791664403,0.0,1,1
NSPH,2.6390573296152584,2.519842099789747,2.6390573296152584,4.418840607796598,2.70805020110221,0.0,1,1
NSR,3.091042453358316,2.7144176165949063,2.8903717578961645,4.31748811353631,2.9444389791664403,2.5087413298623935,0,1
NSTC,2.4849066497880004,2.4101422641752306,2.4849066497880004,4.897839799950911,2.5649493574615367,0.0,1,1
NSTR,2.70805020110221,2.4101422641752306,2.4849066497880004,4.1588830833596715,2.5649493574615367,2.4871131731971623,0,1
NTGR,2.6390573296152584,2.2894284851066633,2.302585092994046,4.59511985013459,2.3978952727983707,3.0100671895439572,0,1
NURO,2.0794415416798357,2.2894284851066633,2.302585092994046,4.04305126783455,2.3978952727983707,0.0,1,1
NVT,3.091042453358316,2.8231080866430855,3.0204248861443626,4.875197323201151,3.068052935133617,1.3248819442174422,0,1
NXPI,2.6390573296152584,2.7589241763811208,2.8903717578961645,6.520621127558696,2.970414465569701,0.0,1,0
NXST,2.6390573296152584,2.519842099789747,2.6390573296152584,5.049856007249537,2.70805020110221,0.0,1,0
NXTM,2.302585092994046,2.2894284851066633,2.3978952727983707,4.605170185988092,2.4423470353692043,0.0,1,1
NZ,2.4849066497880004,2.2239800905693157,2.1972245773362196,4.787491742782046,2.302585092994046,2.7144176165949063,0,1
OAS,2.6390573296152584,2.46621207433047,2.5649493574615367,5.236441962829949,2.6390573296152584,0.0,0,1
OCLS,2.0794415416798357,2.1544346900318834,2.0794415416798357,4.941642422609304,2.1972245773362196,0.0,1,1
OCNF,2.9444389791664403,2.7589241763811208,2.9444389791664403,3.6635616461296463,2.995732273553991,0.0,1,1
ODMO,2.1972245773362196,2.1544346900318834,2.1972245773362196,3.9512437185814275,2.2512917986064953,0.0,1,0
OESX,2.5649493574615367,2.4101422641752306,2.4849066497880004,5.225746673713202,2.5649493574615367,0.0,0,1
OLED,2.4849066497880004,2.46621207433047,2.5649493574615367,4.174387269895637,2.6390573296152584,0.0,1,0
OMER,2.302585092994046,2.2894284851066633,2.302585092994046,4.7535901911063645,2.3978952727983707,0.0,1,0
OMPI,2.3978952727983707,2.46621207433047,2.5649493574615367,5.278114659230517,2.6390573296152584,0.0,1,0
OMRI,2.302585092994046,2.5712815906582356,2.70805020110221,4.394449154672439,2.772588722239781,0.0,1,1
ONE,2.4849066497880004,2.5712815906582356,2.70805020110221,4.330733340286331,2.772588722239781,0.0,1,1
OPTM,2.8622008809294686,2.493315476119323,2.6026896854443837,4.31748811353631,2.6741486494265287,2.7452659121946708,0,1
OPTR,1.9459101490553132,2.080083823051904,2.0794415416798357,4.07753744390572,2.1400661634962708,0.0,1,1
OPTT,2.995732273553991,2.8020393306553877,2.995732273553991,4.820281565605037,3.044522437723423,0.0,1,1
OPXT,2.70805020110221,2.46621207433047,2.5649493574615367,4.68213122712422,2.6390573296152584,1.9258567855541788,0,1
ORA,2.70805020110221,2.5712815906582356,2.70805020110221,4.762173934797756,2.772588722239781,0.0,1,1
ORBC,2.3978952727983707,2.4101422641752306,2.4849066497880004,5.0689042022202315,2.5649493574615367,0.0,1,0
OREX,2.4849066497880004,2.3513346877207577,2.3978952727983707,3.828641396489095,2.4849066497880004,0.0,0,1
OSIR,2.3978952727983707,2.3513346877207577,2.3978952727983707,3.7612001156935624,2.4849066497880004,0.0,1,0
OVNT,2.9444389791664403,2.6684016487219453,2.833213344056216,4.927253685157205,2.8903717578961645,1.7710976153043514,0,1
OWW,2.70805020110221,2.620741394208897,2.772588722239781,5.14166355650266,2.833213344056216,0.0,1,0
P,2.772588722239781,2.080083823051904,1.9459101490553132,4.382026634673881,2.0794415416798357,4.641588833612778,0,1
PA,2.8903717578961645,2.7589241763811208,2.9444389791664403,6.075346031088684,2.995732273553991,0.0,1,0
PANW,3.7376696182833684,3.4199518933533937,3.6375861597263857,4.948759890378168,3.6635616461296463,1.9740230337485711,0,1
PAR,2.6390573296152584,2.3513346877207577,2.3978952727983707,4.477336814478207,2.4849066497880004,2.5543647746451774,0,0
PAY,2.302585092994046,2.4101422641752306,2.4849066497880004,4.8283137373023015,2.5649493574615367,0.0,1,1
PBH,2.772588722239781,2.519842099789747,2.6390573296152584,4.700480365792417,2.70805020110221,1.8820720577620569,0,1
PCRX,1.9459101490553132,2.519842099789747,2.6390573296152584,5.170483995038151,2.70805020110221,0.0,1,1
PCS,3.1354942159291497,2.7589241763811208,2.9444389791664403,5.209486152841421,2.995732273553991,2.46621207433047,0,1
PEC,2.6390573296152584,2.519842099789747,2.6390573296152584,4.74493212836325,2.70805020110221,0.0,1,1
PFMT,2.1972245773362196,2.4101422641752306,2.4849066497880004,4.770684624465665,2.5649493574615367,0.0,1,1
PFWD,2.0149030205422647,2.1544346900318834,2.0794415416798357,4.820281565605037,2.1972245773362196,0.0,1,1
PGTI,2.6390573296152584,2.620741394208897,2.772588722239781,4.564348191467836,2.833213344056216,0.0,1,1
PHRM,2.6390573296152584,2.519842099789747,2.6390573296152584,3.4011973816621555,2.70805020110221,0.0,1,0
PINN,2.1972245773362196,2.2894284851066633,2.302585092994046,4.795790545596741,2.3978952727983707,0.0,1,0
PLOW,2.4203681286504293,2.273417971888172,2.4203681286504293,4.624972813284271,2.4423470353692043,0.0,1,1
PLTE,2.833213344056216,2.5712815906582356,2.70805020110221,4.442651256490317,2.772588722239781,1.8420157493201932,0,1
PMII,2.3978952727983707,2.4101422641752306,2.4849066497880004,4.700480365792417,2.5649493574615367,0.0,1,1
PODD,2.70805020110221,2.519842099789747,2.6390573296152584,4.276666119016055,2.70805020110221,0.0,0,1
PPO,2.9444389791664403,2.8020393306553877,2.995732273553991,5.204006687076795,3.044522437723423,0.0,1,0
PRAI,2.9444389791664403,2.620741394208897,2.772588722239781,4.406719247264253,2.833213344056216,2.274366019525953,0,1
PRGN,2.772588722239781,2.088523945768994,2.209372711271867,4.204692619390966,2.209372711271867,4.228960366379371,0,1
PRLB,2.772588722239781,2.46621207433047,2.5649493574615367,4.356708826689592,2.6390573296152584,2.4264275032025866,0,1
PRMW,2.4849066497880004,2.3513346877207577,2.3978952727983707,4.406719247264253,2.4849066497880004,0.0,0,1
PROJ,2.8903717578961645,2.6684016487219453,2.833213344056216,4.990432586778736,2.8903717578961645,0.0,0,0
PRSC,2.7568403652716422,2.2894284851066633,2.302585092994046,4.330733340286331,2.3978952727983707,3.5083289579009125,0,0
PRSS,2.9444389791664403,2.620741394208897,2.772588722239781,4.74493212836325,2.833213344056216,2.274366019525953,0,1
PRTS,2.302585092994046,2.2894284851066633,2.302585092994046,4.454347296253507,2.3978952727983707,0.0,1,1
PRVD,2.70805020110221,2.519842099789747,2.6390573296152584,4.406719247264253,2.70805020110221,0.0,0,0
PSMI,2.6390573296152584,2.519842099789747,2.6390573296152584,4.912654885736052,2.70805020110221,0.0,1,1
PSPT,1.9459101490553132,2.2894284851066633,2.302585092994046,5.081404364984463,2.3978952727983707,0.0,1,0
PTEK,2.3978952727983707,2.2894284851066633,2.302585092994046,3.1354942159291497,2.3978952727983707,0.0,0,1
PUMP,2.70805020110221,2.46621207433047,2.5649493574615367,4.330733340286331,2.6390573296152584,1.9258567855541788,0,1
QLIK,2.302585092994046,2.1179117921274466,2.1400661634962708,4.532599493153256,2.1972245773362196,2.2314431669405645,0,1
QLTY,2.833213344056216,2.5712815906582356,2.70805020110221,4.919980925828125,2.772588722239781,1.8420157493201932,0,1
QLYS,2.4849066497880004,2.3513346877207577,2.3978952727983707,4.736198448394496,2.4849066497880004,0.0,0,1
QNST,2.70805020110221,2.6684016487219453,2.833213344056216,5.075173815233827,2.8903717578961645,0.0,1,0
QXM,2.4849066497880004,2.3513346877207577,2.3978952727983707,4.852030263919617,2.4849066497880004,0.0,0,0
RA,2.70805020110221,2.620741394208897,2.772588722239781,5.318119993844216,2.833213344056216,0.0,1,0
RACK,2.4849066497880004,2.3513346877207577,2.3978952727983707,4.927253685157205,2.4849066497880004,0.0,0,1
RAIL,2.9444389791664403,2.620741394208897,2.772588722239781,5.214935757608986,2.833213344056216,2.274366019525953,0,1
RBCN,2.6390573296152584,2.4101422641752306,2.4849066497880004,5.056245805348308,2.5649493574615367,1.9740230337485711,0,1
RDYN,2.302585092994046,2.519842099789747,2.6390573296152584,4.919980925828125,2.70805020110221,0.0,1,1
REDE,2.6390573296152584,2.519842099789747,2.4849066497880004,4.127134385045092,2.6390573296152584,0.0,0,1
REGI,2.302585092994046,2.46621207433047,2.5649493574615367,5.1647859739235145,2.6390573296152584,0.0,1,1
REST,2.0794415416798357,2.2239800905693157,2.1972245773362196,4.584967478670572,2.302585092994046,0.0,1,1
REXX,2.3978952727983707,2.3513346877207577,2.3978952727983707,4.787491742782046,2.4849066497880004,0.0,1,0
RHEO,2.4849066497880004,2.2894284851066633,2.302585092994046,4.060443010546419,2.3978952727983707,2.087064022423232,0,1
RKUS,2.70805020110221,2.46621207433047,2.5649493574615367,4.343805421853684,2.6390573296152584,1.9258567855541788,0,0
RLD,2.772588722239781,2.46621207433047,2.5649493574615367,4.9344739331306915,2.6390573296152584,2.4264275032025866,0,1
RLOC,2.5649493574615367,2.6684016487219453,2.833213344056216,4.890349128221754,2.8903717578961645,0.0,1,1
RNDY,2.1400661634962708,2.2894284851066633,2.302585092994046,4.7535901911063645,2.3978952727983707,0.0,1,1
RNET,2.4849066497880004,2.519842099789747,2.6390573296152584,4.852030263919617,2.70805020110221,0.0,1,1
RNOW,1.9459101490553132,2.2239800905693157,2.1972245773362196,3.8918202981106265,2.302585092994046,0.0,1,0
ROC,2.995732273553991,2.9624960684073707,3.1354942159291497,6.29156913955832,3.1986731175506815,0.0,1,0
ROLL,2.6741486494265287,2.519842099789747,2.6390573296152584,4.5217885770490405,2.70805020110221,0.0,1,1
ROSG,1.9459101490553132,2.040827550958674,2.0149030205422647,3.871201010907891,2.0794415416798357,0.0,1,1
ROX,2.1972245773362196,2.1544346900318834,2.0794415416798357,4.927253685157205,2.1972245773362196,0.0,0,0
RP,2.3978952727983707,2.46621207433047,2.5649493574615367,4.709530201312334,2.6390573296152584,0.0,1,1
RRR,3.091042453358316,2.924017738212866,3.1354942159291497,4.276666119016055,3.1780538303479458,0.0,1,0
RRST,2.5257286443082556,2.3513346877207577,2.3978952727983707,4.1588830833596715,2.4849066497880004,1.6091489743427165,0,0
RRTS,2.6390573296152584,2.519842099789747,2.6390573296152584,4.465908118654584,2.70805020110221,0.0,1,0
RST,2.8903717578961645,2.5712815906582356,2.70805020110221,4.795790545596741,2.772588722239781,2.320794416806389,0,1
RUE,2.9444389791664403,2.620741394208897,2.772588722239781,4.276666119016055,2.833213344056216,2.274366019525953,0,1
RVBD,2.277267285009756,2.040827550958674,1.9459101490553132,4.1588830833596715,2.0476928433652555,2.9551266447632476,0,0
SAI,2.70805020110221,2.46621207433047,2.5649493574615367,5.934894195619588,2.6390573296152584,1.9258567855541788,0,1
SAVE,2.4849066497880004,2.519842099789747,2.6390573296152584,5.318119993844216,2.70805020110221,0.0,1,0
SB,2.9444389791664403,2.8020393306553877,2.995732273553991,4.787491742782046,3.044522437723423,0.0,1,0
SCMP,2.4423470353692043,2.519842099789747,2.6390573296152584,5.187385805840755,2.70805020110221,0.0,1,1
SCOP,1.9459101490553132,2.080083823051904,1.9459101490553132,4.343805421853684,2.0794415416798357,0.0,1,1
SCOR,2.803360380906535,2.519842099789747,2.6390573296152584,4.553876891600541,2.70805020110221,2.1544346900318834,0,1
SCTY,2.0794415416798357,2.46621207433047,2.5649493574615367,5.308267697401205,2.6390573296152584,0.0,1,1
SDXC,2.833213344056216,2.519842099789747,2.6390573296152584,5.488937726156687,2.70805020110221,2.371262202993375,0,1
SEM,2.302585092994046,2.3513346877207577,2.3978952727983707,5.030437921392435,2.4849066497880004,0.0,1,1
SENO,2.0794415416798357,2.1544346900318834,2.1972245773362196,4.48863636973214,2.2512917986064953,0.0,1,1
SFLY,2.70805020110221,2.46621207433047,2.5649493574615367,4.219507705176107,2.6390573296152584,1.9258567855541788,0,1
SFSF,2.302585092994046,2.1544346900318834,2.0794415416798357,5.075173815233827,2.1972245773362196,2.2314431669405645,0,1
SGOC,1.6094379124341003,1.9574338205844317,1.791759469228055,4.0943445622221,1.9095425048844386,0.0,1,1
SGTL,2.70805020110221,2.3513346877207577,2.3978952727983707,4.276666119016055,2.4849066497880004,2.924017738212866,0,1
SGXP,1.791759469228055,2.3513346877207577,2.3978952727983707,4.3694478524670215,2.4849066497880004,0.0,1,0
SHMR,2.6390573296152584,2.46621207433047,2.5649493574615367,4.143134726391533,2.6390573296152584,0.0,0,1
SHO,2.833213344056216,2.7144176165949063,2.8903717578961645,5.117993812416755,2.9444389791664403,0.0,1,0
SHOR,2.2512917986064953,2.1897595699439445,2.1400661634962708,4.852030263919617,2.2512917986064953,0.0,0,1
SIRF,2.4849066497880004,2.2894284851066633,2.302585092994046,4.394449154672439,2.3978952727983707,2.087064022423232,0,1
SIRT,2.302585092994046,2.2239800905693157,2.1972245773362196,4.1588830833596715,2.302585092994046,0.0,0,1
SLCA,2.833213344056216,2.620741394208897,2.772588722239781,4.844187086458591,2.833213344056216,0.0,0,0
SLRY,2.3513752571634776,2.1544346900318834,2.0794415416798357,4.532599493153256,2.1972245773362196,2.5543647746451774,0,1
SMA,2.70805020110221,2.46621207433047,2.5649493574615367,4.110873864173311,2.6390573296152584,1.9258567855541788,0,1
SMBI,2.70805020110221,2.46621207433047,2.5649493574615367,4.77912349311153,2.6390573296152584,1.9258567855541788,0,1
SMCI,2.0794415416798357,2.2571787177370006,2.2512917986064953,4.653960350157523,2.3513752571634776,0.0,1,1
SN,3.091042453358316,2.9624960684073707,3.1780538303479458,4.700480365792417,3.2188758248682006,0.0,1,0
SNCR,2.0794415416798357,2.2239800905693157,2.1972245773362196,3.8918202981106265,2.302585092994046,0.0,1,1
SNMX,1.791759469228055,1.9129311827723894,1.791759469228055,3.5553480614894135,1.8718021769015913,0.0,1,1
SNTA,2.302585092994046,2.519842099789747,2.6390573296152584,4.48863636973214,2.70805020110221,0.0,1,0
SOLR,2.803360380906535,2.596247050925552,2.740840023925201,4.477336814478207,2.803360380906535,0.0,0,0
SOMX,2.3978952727983707,2.2894284851066633,2.302585092994046,3.4339872044851463,2.3978952727983707,0.0,0,1
SPLK,2.833213344056216,2.3513346877207577,2.3978952727983707,4.51085950651685,2.4849066497880004,3.4668063717531736,0,1
SPWR,2.8903717578961645,2.620741394208897,2.772588722239781,4.77912349311153,2.833213344056216,1.805165505978112,0,1
SQI,2.2512917986064953,2.2571787177370006,2.2512917986064953,4.844187086458591,2.3513752571634776,0.0,1,1
SREV,2.302585092994046,2.080083823051904,2.0149030205422647,4.736198448394496,2.1102132003465894,2.768182380588132,0,1
SRVY,2.5649493574615367,2.46621207433047,2.5649493574615367,4.564348191467836,2.6390573296152584,0.0,1,1
SSNC,2.70805020110221,2.46621207433047,2.5649493574615367,4.736198448394496,2.6390573296152584,1.9258567855541788,0,1
SSNI,2.833213344056216,2.620741394208897,2.772588722239781,5.2832037287379885,2.833213344056216,0.0,0,1
SSTK,2.833213344056216,2.46621207433047,2.5649493574615367,4.859812404361672,2.6390573296152584,2.777566121439121,0,1
ST,2.8903717578961645,2.7144176165949063,2.8903717578961645,5.652489180268651,2.9444389791664403,0.0,1,1
STAK,2.5649493574615367,2.3513346877207577,2.3978952727983707,4.290459441148391,2.4849066497880004,2.027400665191134,0,1
STAR,2.4849066497880004,2.2239800905693157,2.1972245773362196,4.418840607796598,2.302585092994046,2.7144176165949063,0,1
STNG,2.5649493574615367,2.519842099789747,2.6390573296152584,4.454347296253507,2.70805020110221,0.0,1,0
STRI,2.302585092994046,2.3513346877207577,2.3978952727983707,5.25227342804663,2.4849066497880004,0.0,1,1
STXS,2.0794415416798357,2.519842099789747,2.6390573296152584,4.07753744390572,2.70805020110221,0.0,1,1
SUSS,2.803360380906535,2.620741394208897,2.772588722239781,4.90527477843843,2.833213344056216,0.0,1,1
SVR,2.772588722239781,2.8020393306553877,2.995732273553991,5.631211781821365,3.044522437723423,0.0,1,0
SWFT,2.3978952727983707,2.46621207433047,2.5649493574615367,5.746203190540153,2.6390573296152584,0.0,1,1
SWI,2.5257286443082556,2.2571787177370006,2.2512917986064953,4.2626798770413155,2.3513752571634776,2.6706290300973246,0,1
SWSI,2.5649493574615367,2.3513346877207577,2.3978952727983707,4.382026634673881,2.4849066497880004,2.027400665191134,0,1
SXC,2.772588722239781,2.5712815906582356,2.70805020110221,5.327876168789581,2.772588722239781,0.0,0,1
SXE,2.995732273553991,2.7589241763811208,2.9444389791664403,3.9889840465642745,2.995732273553991,0.0,0,1
SZYM,2.8903717578961645,2.5712815906582356,2.70805020110221,4.927253685157205,2.772588722239781,2.320794416806389,0,1
TARG,2.302585092994046,2.4101422641752306,2.4849066497880004,4.852030263919617,2.5649493574615367,0.0,1,0
TAST,2.5649493574615367,2.519842099789747,2.6390573296152584,5.605802066295998,2.70805020110221,0.0,1,0
TBSI,2.302585092994046,2.2894284851066633,2.3978952727983707,3.8918202981106265,2.4423470353692043,0.0,1,1
TDG,3.044522437723423,2.8020393306553877,2.995732273553991,5.10594547390058,3.044522437723423,0.0,0,1
TEA,2.833213344056216,2.46621207433047,2.5649493574615367,3.9512437185814275,2.6390573296152584,2.777566121439121,0,1
TEU,2.4849066497880004,2.5712815906582356,2.70805020110221,3.8918202981106265,2.772588722239781,0.0,1,0
TFM,3.091042453358316,2.7144176165949063,2.8903717578961645,4.605170185988092,2.9444389791664403,2.5087413298623935,0,1
TGH,2.803360380906535,2.7589241763811208,2.9444389791664403,4.499809670330265,2.995732273553991,0.0,1,1
THLD,1.9459101490553132,2.519842099789747,2.6390573296152584,3.6888794541139363,2.70805020110221,0.0,1,1
THR,2.4849066497880004,2.4101422641752306,2.4849066497880004,5.117993812416755,2.5649493574615367,0.0,1,1
THRM,1.9459101490553132,2.080083823051904,2.0794415416798357,4.6913478822291435,2.1400661634962708,0.0,1,0
THRX,2.772588722239781,2.46621207433047,2.5649493574615367,3.871201010907891,2.6390573296152584,2.4264275032025866,0,0
TIS,2.0794415416798357,2.080083823051904,1.9459101490553132,3.713572066704308,2.0794415416798357,0.0,0,0
TITN,2.1400661634962708,2.1179117921274466,2.0149030205422647,3.828641396489095,2.1400661634962708,0.0,0,1
TLEO,2.6390573296152584,2.519842099789747,2.6390573296152584,4.787491742782046,2.70805020110221,0.0,1,0
TLVT,2.1972245773362196,2.4384994805366564,2.5257286443082556,4.897839799950911,2.6026896854443837,0.0,1,1
TMH,2.4849066497880004,2.519842099789747,2.6390573296152584,5.765191102784844,2.70805020110221,0.0,1,1
TNAV,2.0794415416798357,2.1544346900318834,2.1972245773362196,4.709530201312334,2.2512917986064953,0.0,1,1
TNDM,2.70805020110221,2.46621207433047,2.5649493574615367,4.663439094112067,2.6390573296152584,1.9258567855541788,0,1
TNK,2.970414465569701,2.691606306043642,2.8622008809294686,3.9889840465642745,2.917770732084279,1.7549958366478784,0,1
TOWR,2.5649493574615367,2.5712815906582356,2.70805020110221,5.945420608606575,2.772588722239781,0.0,1,0
TRAK,2.833213344056216,2.519842099789747,2.6390573296152584,4.867534450455582,2.70805020110221,2.371262202993375,0,1
TRBN,2.5649493574615367,2.46621207433047,2.5649493574615367,4.543294782270004,2.6390573296152584,0.0,1,1
TRCA,2.1972245773362196,2.3513346877207577,2.3978952727983707,3.091042453358316,2.4849066497880004,0.0,1,0
TRFC,2.4849066497880004,2.320794416806389,2.3513752571634776,4.762173934797756,2.4423470353692043,1.6321399230336169,0,1
TRGT,2.1972245773362196,2.3513346877207577,2.3978952727983707,4.3694478524670215,2.4849066497880004,0.0,1,1
TRLA,2.833213344056216,2.519842099789747,2.6390573296152584,5.214935757608986,2.70805020110221,2.371262202993375,0,1
TRS,2.3978952727983707,2.3513346877207577,2.3978952727983707,5.598421958998375,2.4849066497880004,0.0,1,0
TRW,3.332204510175204,3.107232505953859,3.332204510175204,5.963579343618446,3.367295829986474,0.0,1,0
TRX,2.6390573296152584,2.736851837399214,2.917770732084279,5.517452896464707,2.970414465569701,0.0,1,0
TRXI,2.1972245773362196,2.3513346877207577,2.3978952727983707,4.61512051684126,2.4849066497880004,0.0,1,0
TSLA,2.833213344056216,2.519842099789747,2.6390573296152584,5.4116460518550396,2.70805020110221,2.371262202993375,0,1
TSON,2.70805020110221,2.4101422641752306,2.4849066497880004,3.912023005428146,2.5649493574615367,2.4871131731971623,0,1
TSRA,2.5649493574615367,2.2239800905693157,2.1972245773362196,4.5217885770490405,2.302585092994046,3.107232505953859,0,1
TSRO,2.6026896854443837,2.46621207433047,2.4849066497880004,4.48863636973214,2.6026896854443837,0.0,0,1
TSRX,1.6094379124341003,2.4101422641752306,2.4849066497880004,4.330733340286331,2.5649493574615367,0.0,1,0
TTGT,2.5649493574615367,2.4101422641752306,2.4849066497880004,4.2626798770413155,2.5649493574615367,0.0,0,1
TTPH,1.9459101490553132,2.1544346900318834,2.0794415416798357,4.605170185988092,2.1972245773362196,0.0,1,0
TTPY,2.9444389791664403,2.5712815906582356,2.70805020110221,4.653960350157523,2.772588722239781,2.656646422956528,0,1
TUMI,2.8903717578961645,2.5712815906582356,2.70805020110221,4.634728988229636,2.772588722239781,2.320794416806389,0,1
TWLL,2.1972245773362196,2.3513346877207577,2.3978952727983707,5.209486152841421,2.4849066497880004,0.0,1,0
TXRH,2.8622008809294686,2.5712815906582356,2.70805020110221,4.189654742026425,2.772588722239781,2.1085816632543732,0,0
TYPE,2.4849066497880004,2.46621207433047,2.5649493574615367,4.770684624465665,2.6390573296152584,0.0,1,1
UACL,2.995732273553991,2.7144176165949063,2.8903717578961645,4.867534450455582,2.9444389791664403,1.739464085489495,0,1
UAPH,2.772588722239781,2.5712815906582356,2.70805020110221,4.406719247264253,2.772588722239781,0.0,0,1
UBNT,2.70805020110221,2.5712815906582356,2.70805020110221,5.1298987149230735,2.772588722239781,0.0,1,1
UNCA,2.302585092994046,2.2239800905693157,2.1972245773362196,4.532599493153256,2.302585092994046,0.0,0,1
UPG,1.9459101490553132,2.080083823051904,1.9459101490553132,4.110873864173311,2.0794415416798357,0.0,1,1
USBE,2.6390573296152584,2.5712815906582356,2.70805020110221,4.174387269895637,2.772588722239781,0.0,1,1
V,3.784189633918261,3.4760266448864496,3.6109179126442243,5.0369526024136295,3.676300671907076,2.250117199708515,0,0
VCC,1.791759469228055,1.9129311827723894,1.6094379124341003,3.6109179126442243,1.791759469228055,0.0,0,1
VCG,2.70805020110221,2.620741394208897,2.772588722239781,5.117993812416755,2.833213344056216,0.0,1,1
VCRA,2.772588722239781,2.4101422641752306,2.4849066497880004,4.394449154672439,2.5649493574615367,2.847033872200803,0,1
VG,2.833213344056216,2.620741394208897,2.772588722239781,4.897839799950911,2.833213344056216,0.0,0,0
VIAC,1.9459101490553132,2.080083823051904,1.9459101490553132,5.209486152841421,2.0794415416798357,0.0,1,1
VITC,2.4849066497880004,2.3513346877207577,2.3978952727983707,3.8066624897703196,2.4849066497880004,0.0,0,1
VLCM,2.9444389791664403,2.5712815906582356,2.70805020110221,4.68213122712422,2.772588722239781,2.656646422956528,0,1
VLRX,2.1972245773362196,2.2894284851066633,2.302585092994046,4.1588830833596715,2.3978952727983707,0.0,1,1
VM,2.70805020110221,2.5712815906582356,2.70805020110221,5.58724865840025,2.772588722239781,0.0,1,1
VNDA,2.302585092994046,2.4101422641752306,2.4849066497880004,4.653960350157523,2.5649493574615367,0.0,1,0
VNTV,2.833213344056216,2.620741394208897,2.772588722239781,4.343805421853684,2.833213344056216,0.0,0,1
VNUS,2.70805020110221,2.46621207433047,2.5649493574615367,4.406719247264253,2.6390573296152584,1.9258567855541788,0,1
VOCS,2.1972245773362196,2.2239800905693157,2.1972245773362196,4.060443010546419,2.302585092994046,0.0,1,1
VOLC,2.0794415416798357,2.2894284851066633,2.302585092994046,4.718498871295094,2.3978952727983707,0.0,1,1
VPRT,2.4849066497880004,2.2239800905693157,2.1972245773362196,4.574710978503383,2.302585092994046,2.7144176165949063,0,1
VQ,2.833213344056216,2.7589241763811208,2.9444389791664403,5.099866427824199,2.995732273553991,0.0,1,0
VRA,2.772588722239781,2.519842099789747,2.6390573296152584,4.553876891600541,2.70805020110221,1.8820720577620569,0,1
VRAD,2.833213344056216,2.620741394208897,2.772588722239781,4.820281565605037,2.833213344056216,0.0,0,1
VRAZ,2.0794415416798357,2.2894284851066633,2.302585092994046,4.343805421853684,2.3978952727983707,0.0,1,1
VRGY,2.70805020110221,2.620741394208897,2.772588722239781,5.420534999272286,2.833213344056216,0.0,1,0
VRSK,3.091042453358316,2.7589241763811208,2.9444389791664403,5.099866427824199,2.995732273553991,2.1544346900318834,0,1
VRTU,2.6390573296152584,2.519842099789747,2.6390573296152584,4.634728988229636,2.70805020110221,0.0,1,0
VSE,3.1354942159291497,2.8020393306553877,3.044522437723423,4.30406509320417,3.068052935133617,1.91081041475565,0,1
VSI,2.833213344056216,2.519842099789747,2.6390573296152584,4.1588830833596715,2.70805020110221,2.371262202993375,0,1
VSTM,2.302585092994046,2.2239800905693157,2.1972245773362196,4.248495242049359,2.302585092994046,0.0,0,1
VTUS,1.791759469228055,1.9129311827723894,1.791759469228055,4.343805421853684,1.8718021769015913,0.0,1,1
WAGE,2.1972245773362196,2.2894284851066633,2.302585092994046,5.075173815233827,2.3978952727983707,0.0,1,1
WAIR,2.70805020110221,2.596247050925552,2.740840023925201,4.955827057601261,2.803360380906535,0.0,1,0
WBMD,2.8622008809294686,2.596247050925552,2.740840023925201,4.394449154672439,2.803360380906535,1.823218358642896,0,0
WCAA,2.2512917986064953,2.2239800905693157,2.1972245773362196,4.844187086458591,2.302585092994046,0.0,1,0
WCG,2.833213344056216,2.519842099789747,2.6390573296152584,4.6443908991413725,2.70805020110221,2.371262202993375,0,1
WCRX,2.70805020110221,2.6684016487219453,2.833213344056216,5.293304824724492,2.8903717578961645,0.0,1,0
WDAY,3.332204510175204,2.9624960684073707,3.1780538303479458,4.248495242049359,3.2188758248682006,2.2894284851066633,0,1
WIFI,2.6026896854443837,2.4101422641752306,2.4849066497880004,4.418840607796598,2.5649493574615367,1.5667831201909692,0,0
WLDN,2.302585092994046,2.2239800905693157,2.1972245773362196,4.110873864173311,2.302585092994046,0.0,0,1
WLK,2.6741486494265287,2.644786236347104,2.803360380906535,4.718498871295094,2.8622008809294686,0.0,1,0
WLL,2.740840023925201,2.519842099789747,2.6390573296152584,4.574710978503383,2.70805020110221,1.4938015821857216,0,0
WLSC,2.772588722239781,2.620741394208897,2.772588722239781,4.605170185988092,2.833213344056216,0.0,1,0
WMG,2.833213344056216,2.8844991406148166,3.091042453358316,5.916202062607435,3.1354942159291497,0.0,1,0
WNR,2.833213344056216,2.5712815906582356,2.70805020110221,4.418840607796598,2.772588722239781,1.8420157493201932,0,1
WOLF,2.833213344056216,2.5712815906582356,2.70805020110221,4.51085950651685,2.772588722239781,1.8420157493201932,0,1
WSSI,2.1400661634962708,2.080083823051904,2.0794415416798357,4.189654742026425,2.1400661634962708,0.0,0,1
WSTC,2.995732273553991,2.924017738212866,3.091042453358316,5.0238805208462765,3.1570004211501135,0.0,1,0
WTI,2.9444389791664403,2.644786236347104,2.803360380906535,4.736198448394496,2.8622008809294686,2.046528216187626,0,0
XCYT,2.0794415416798357,2.46621207433047,2.5649493574615367,3.784189633918261,2.6390573296152584,0.0,1,1
XGEN,1.9459101490553132,2.2239800905693157,2.1972245773362196,4.897839799950911,2.302585092994046,0.0,1,1
XPRT,2.833213344056216,2.519842099789747,2.6390573296152584,3.828641396489095,2.70805020110221,2.371262202993375,0,1
XRM,2.4849066497880004,2.519842099789747,2.6390573296152584,5.181783550292085,2.70805020110221,0.0,1,1
XTNT,2.772588722239781,2.620741394208897,2.772588722239781,4.204692619390966,2.833213344056216,0.0,1,1
XTXI,2.970414465569701,2.644786236347104,2.803360380906535,4.9344739331306915,2.8622008809294686,2.252495760887213,0,0
Z,2.995732273553991,2.4101422641752306,2.4849066497880004,4.465908118654584,2.5649493574615367,3.776170216768594,0,1
ZBB,1.791759469228055,1.866255578408624,1.7047480922384253,4.0943445622221,1.791759469228055,0.0,0,1
ZINC,2.8903717578961645,2.7144176165949063,2.8903717578961645,4.430816798843313,2.9444389791664403,0.0,1,1
ZIP,2.8903717578961645,2.519842099789747,2.6390573296152584,4.663439094112067,2.70805020110221,2.7144176165949063,0,1
ZLTQ,2.5649493574615367,2.519842099789747,2.6390573296152584,4.836281906951478,2.70805020110221,0.0,1,1
ZSTN,2.0794415416798357,2.040827550958674,2.0149030205422647,4.406719247264253,2.0794415416798357,0.0,0,0
ZUMZ,2.9444389791664403,2.5712815906582356,2.70805020110221,3.6375861597263857,2.772588722239781,2.656646422956528,0,0
ZZ,2.772588722239781,2.519842099789747,2.6390573296152584,4.634728988229636,2.70805020110221,1.8820720577620569,0,0
