I1,C4,S2,T1,T3_Prime,C4,C6_Prime,industry_1,industry_2,Y1,Y2
AATI,0.029074273483673547,4.762173934797756,6.152732694704104,0.826056463168774,0.029074273483673547,2.2314431669405645,1,0,0,1
ABPI,-0.013351642245815755,5.488937726156687,6.673297967767654,0.807705371897513,-0.013351642245815755,0.0,1,0,1,0
ACAD,0.02071500183158597,3.4965075614664802,5.303304908059076,0.8269175261887148,0.02071500183158597,0.0,1,0,1,0
ACHN,0.020023137256796594,4.07753744390572,5.793013608384144,0.8409993678299864,0.020023137256796594,0.0,1,0,1,1
ACLI,-0.034894701316965815,5.003946305945459,6.349138991379798,0.789377730712062,-0.034894701316965815,1.7099759466766968,0,0,0,1
ACOM,-0.057556076660705446,4.564348191467836,6.234410725718371,0.5993146010071656,-0.057556076660705446,0.0,0,1,0,1
ACOR,0.004105524336536758,4.663439094112067,6.20455776256869,0.7840305693869813,0.004105524336536758,0.0,1,0,1,1
ACRX,0.040619988496656566,4.787491742782046,5.811140992976701,0.8024176143740532,0.040619988496656566,0.0,1,0,1,0
ACTV,-0.02931592628539684,4.820281565605037,6.429719478039138,0.8260334720612402,-0.02931592628539684,0.0,0,1,1,1
ACW,-0.02492507736968316,4.499809670330265,5.953243334287785,0.7877679930695397,-0.02492507736968316,0.0,1,0,1,0
ADLS,0.015487112031121256,3.713572066704308,5.53338948872752,0.8071414345816643,0.015487112031121256,0.0,1,0,1,1
ADZA,0.019731083271667373,3.7612001156935624,5.327876168789581,0.7496804523910281,0.019731083271667373,1.8820720577620569,1,0,0,1
AFFY,-0.0063156046994000984,4.770684624465665,6.030685260261263,0.8670744761699798,-0.0063156046994000984,2.0563674454038523,1,0,0,1
AGAM,0.023274685510332935,5.545177444479562,6.436150368369428,0.7814017264830883,0.023274685510332935,0.0,1,0,1,1
AH,-0.08545458841445729,4.5217885770490405,6.373319789577012,0.7567523057394051,-0.08545458841445729,0.0,0,1,1,1
AHII,0.0002548563257563511,3.4965075614664802,5.594711379601839,0.7759601406297745,0.0002548563257563511,0.0,0,0,0,1
AIMC,-0.0063156046994000984,4.897839799950911,5.968707559985366,0.7172991829698709,-0.0063156046994000984,0.0,1,0,1,1
AIRV,0.036830796877746964,4.31748811353631,6.269096283706261,0.8458936537328507,0.036830796877746964,0.0,1,0,1,1
ALGT,-0.01269239188194706,4.356708826689592,6.238324625039508,0.7604663959327919,-0.01269239188194706,2.320794416806389,0,0,0,1
ALIM,0.045262646375410436,4.912654885736052,6.159095388491933,0.8203494934553199,0.045262646375410436,0.0,1,0,1,0
ALJ,0.05404000937680397,4.290459441148391,6.3818160174060985,0.7525244349328375,0.05404000937680397,1.8820720577620569,1,0,0,1
ALLI,0.002545640136170962,4.532599493153256,5.631211781821365,0.8036826353390306,0.002545640136170962,0.0,0,1,0,1
ALNY,0.03582773310561604,3.6635616461296463,5.5134287461649825,0.8370303304662743,0.03582773310561604,0.0,1,0,1,1
ALTU,-0.0017460164572123166,3.9318256327243257,5.572154032177765,0.7937792753202437,-0.0017460164572123166,0.0,1,0,0,1
ALXA,-0.003957877372461608,4.442651256490317,5.556828061699537,0.8067848061211341,-0.003957877372461608,0.0,1,0,1,1
AMBA,-0.037115500330326075,4.477336814478207,6.212606095751519,0.8639904417095201,-0.037115500330326075,0.0,1,0,1,1
AMIS,0.025763708515827013,5.198497031265826,6.267200548541362,0.0,0.025763708515827013,1.739464085489495,1,0,0,1
AMRC,0.035642375510738435,5.099866427824199,6.46302945692067,0.7964625798476241,0.035642375510738435,0.0,0,0,1,1
ANAC,-0.015947285678912314,4.624972813284271,5.998936561946683,0.832303701367867,-0.015947285678912314,0.0,1,0,1,1
ANFI,-0.037115500330326075,4.465908118654584,6.359573868672378,0.8013486538744462,-0.037115500330326075,0.0,1,0,1,0
ANGI,-0.03446512812118845,4.59511985013459,6.236369590203704,0.727296003260547,-0.03446512812118845,2.027400665191134,0,1,0,1
ANGO,0.02071500183158597,3.8501476017100584,5.796057750765372,0.774518092284842,0.02071500183158597,0.0,1,0,1,1
AONE,0.08509670457922383,5.003946305945459,6.284134161070802,0.8505214099240475,0.08509670457922383,3.786417676010863,1,0,0,1
AOSL,0.016442651117707995,4.7535901911063645,5.961005339623274,0.8269209286111816,0.016442651117707995,0.0,1,0,0,0
APEI,-0.012382727363617861,4.23410650459726,5.991464547107982,0.8086685298543662,-0.012382727363617861,2.008968729832627,0,1,0,1
APKT,0.05647474671864434,5.003946305945459,6.304448802421981,0.8300189811644416,0.05647474671864434,3.2931687800417477,1,0,0,1
ARAY,0.016234824406075828,4.442651256490317,6.154858094016418,0.8072361706716663,0.016234824406075828,1.4189834119703841,1,0,0,1
ARBX,0.036866889518440776,4.0943445622221,5.7745515455444085,0.7873179398631627,0.036866889518440776,2.5543647746451774,0,1,0,1
ARCL,0.05699491838087051,4.430816798843313,6.282266746896006,0.7613057608670105,0.05699491838087051,1.462008869106433,0,1,0,1
ARCO,0.004669618127058825,4.969813299576001,6.349138991379798,0.7706883053964853,0.004669618127058825,2.777566121439121,0,0,0,1
AREX,-0.019999416118981355,4.219507705176107,5.786897381366708,0.7798461444187377,-0.019999416118981355,0.0,0,0,1,1
ARII,0.02925670137266296,5.5909869805108565,6.48768401848461,0.8429544956904002,0.02925670137266296,2.8655216231663623,1,0,0,1
ARP,-0.006417682468154485,4.941642422609304,6.2285110035911835,0.8138737252705391,-0.006417682468154485,0.0,0,1,1,1
ARST,-0.0008063218195906665,5.049856007249537,6.304448802421981,0.701036054489743,-0.0008063218195906665,0.0,0,1,1,0
ARTE,-0.004839837912175111,4.343805421853684,5.634789603169249,0.7821671125213763,-0.004839837912175111,0.0,1,0,1,1
ARUN,0.0283099533258931,4.418840607796598,6.008813185442595,0.8366186554758888,0.0283099533258931,2.811442217672497,1,0,0,1
ASPV,0.0027190288727909386,4.0943445622221,5.407171771460119,0.8563263151402564,0.0027190288727909386,0.0,1,0,1,1
ATEC,-0.02246402239096419,6.633318433280377,7.234177179749849,0.8038813710363438,-0.02246402239096419,0.0,1,0,1,0
ATHN,0.03469512390660059,4.31748811353631,6.115892125483034,0.7986131973520055,0.03469512390660059,2.7144176165949063,0,1,0,1
ATRC,0.015487112031121256,3.9889840465642745,5.5134287461649825,0.8016055727314711,0.015487112031121256,0.0,1,0,1,1
AUXL,-0.05993323169635589,3.6888794541139363,5.676753802268282,0.8302831404432326,-0.05993323169635589,0.0,1,0,1,0
AVAV,0.002756461109020153,4.07753744390572,5.793013608384144,0.7425228143974844,0.002756461109020153,2.371262202993375,1,0,0,1
AVEO,0.049754821648229856,4.584967478670572,6.1070228877422545,0.814628768650056,0.049754821648229856,0.0,1,0,1,0
AVGO,0.059353423385064455,5.780743515792329,6.733401891837359,0.7798103488203925,0.059353423385064455,1.9258567855541788,1,0,0,1
AVNC,0.08987183041029774,3.9318256327243257,5.58724865840025,0.8156897590768418,0.08987183041029774,0.0,1,0,1,0
AVR,-0.01458233982616616,4.31748811353631,6.16541785423142,0.7905701191836413,-0.01458233982616616,1.5346678229284634,1,0,0,0
AVRX,-0.02469393686831301,3.6375861597263857,5.598421958998375,0.8259265851825482,-0.02469393686831301,0.0,1,0,1,0
AWAY,0.01929958934297418,5.056245805348308,6.659293919683638,0.6978010354659582,0.01929958934297418,1.805165505978112,0,1,0,1
AWK,0.00430373527330501,5.700443573390687,6.663132695990803,0.851139757712785,0.00430373527330501,0.0,0,0,1,0
AYR,0.012708623146163443,4.430816798843313,6.304448802421981,0.8249639268665344,0.012708623146163443,1.6565038123598101,0,1,0,1
BAGL,0.002046754742247154,5.117993812416755,6.248042874508429,0.8335026647997105,0.002046754742247154,0.0,0,0,1,1
BAH,-0.012062164680420817,5.087596335232384,6.448889394146858,0.7885881934652157,-0.012062164680420817,0.0,0,1,1,1
BALT,0.04638015077402592,3.6109179126442243,5.19295685089021,0.9255431231692776,0.04638015077402592,0.0,0,0,1,0
BARE,0.050890498603735436,6.354370040797351,7.158513997329321,0.768595820125182,0.050890498603735436,3.3471647504108475,1,0,0,1
BAS,0.01076544990065678,4.844187086458591,6.306275286948016,0.7987364709596252,0.01076544990065678,4.196691337474689,0,0,0,1
BBBB,0.00549637470275211,4.02535169073515,5.961005339623274,0.7946971336072078,0.00549637470275211,0.0,0,1,0,1
BBG,0.019731083271667373,5.0238805208462765,6.386879319362645,0.8056874407030415,0.019731083271667373,2.5344079845856546,0,0,0,1
BBND,-0.061579848740387674,4.61512051684126,5.958424693029782,0.8112082756072186,-0.061579848740387674,2.6295358943292957,1,0,0,1
BBRG,0.03611721593918047,4.59511985013459,6.1463292576688975,0.8002458676102617,0.03611721593918047,0.0,0,0,1,1
BBW,0.010983105662161895,3.9512437185814275,5.87493073085203,0.80266852029021,0.010983105662161895,2.6034991753306884,0,0,0,1
BCOV,0.051526532500396634,4.812184355372417,6.428105272684596,0.8340659102471214,0.051526532500396634,0.0,0,1,0,1
BDAY,0.018065909915302072,3.871201010907891,5.697093486505405,0.7890038474116144,0.018065909915302072,2.2045556915418465,0,0,0,1
BDE,0.03228429921272611,4.672828834461906,5.811140992976701,0.8212508524935692,0.03228429921272611,0.0,0,0,1,0
BEAT,-0.03834154622795221,4.727387818712341,6.171700597410915,0.7991520888451564,-0.03834154622795221,0.0,0,1,1,0
BECN,0.019835982850230017,4.382026634673881,5.968707559985366,0.8065726886207204,0.019835982850230017,0.0,0,0,0,0
BFAM,0.010500794785178772,4.343805421853684,6.1463292576688975,0.7142109534256729,0.010500794785178772,2.1544346900318834,0,1,0,1
BFRM,0.0111853044880828,4.605170185988092,6.003887067106539,0.8487196974393949,0.0111853044880828,0.0,1,0,1,1
BHRT,-0.016128119258393494,4.5217885770490405,5.924255797414532,0.8271880940582961,-0.016128119258393494,0.0,0,1,1,0
BIOD,0.003353816539135266,4.30406509320417,5.765191102784844,0.8397414588013128,0.003353816539135266,0.0,1,0,0,1
BIOF,0.0033405857511660856,3.912023005428146,5.521460917862246,0.8823603879572864,0.0033405857511660856,0.0,1,0,1,1
BKC,-0.05797847449374761,5.5254529391317835,6.405228458030842,0.7816582517431837,-0.05797847449374761,1.8420157493201932,0,0,0,1
BKRS,-0.045701373246791265,4.189654742026425,5.634789603169249,0.7812404322159412,-0.045701373246791265,1.4938015821857216,0,0,0,1
BLMN,0.02181132592841911,5.6240175061873385,6.580639137284949,0.7276433493986757,0.02181132592841911,0.0,0,0,1,1
BLOG,-0.002117746190072883,4.3694478524670215,6.322565239927284,0.8211210466654648,-0.002117746190072883,1.4470893702387337,0,1,0,1
BLSW,0.009750672113699626,4.852030263919617,6.139884552226255,0.8430054469694572,0.009750672113699626,0.0,0,1,1,1
BMTI,-0.02372061747056409,4.477336814478207,5.945420608606575,0.8345045733404752,-0.02372061747056409,0.0,1,0,1,1
BNNY,0.0645993451786608,4.532599493153256,5.8377304471659395,0.706122848329284,0.0645993451786608,2.274366019525953,1,0,0,1
BODY,0.02105232914807478,4.605170185988092,5.937536205082426,0.7983044992935598,0.02105232914807478,0.0,0,0,1,0
BOX,0.051102896447133964,5.4116460518550396,6.513230110912307,0.7809924213988023,0.051102896447133964,0.0,0,1,1,1
BPI,0.07222780488186492,4.882801922586371,6.100318952020064,0.8314102901501367,0.07222780488186492,0.0,0,1,1,1
BRNC,-0.017173041723842902,4.343805421853684,5.8522024797744745,0.78071486226469,-0.017173041723842902,2.371262202993375,0,0,0,1
BSFT,0.0418707113204849,5.198497031265826,6.734591659972948,0.824397079530046,0.0418707113204849,0.0,0,1,1,0
BTRX,-0.030411457792077785,3.367295829986474,5.3612921657094255,0.8681225882360524,-0.030411457792077785,0.0,1,0,0,0
BUN,0.033593111500030436,3.8501476017100584,5.726847747587197,0.7529464460681391,0.033593111500030436,1.7710976153043514,0,0,0,1
BV,0.03382320623002174,4.700480365792417,6.2422232654551655,0.6790823367149263,0.03382320623002174,3.218297948685433,0,1,0,1
BWLD,-0.023035852320323243,4.343805421853684,5.707110264748875,0.7197054942420008,-0.023035852320323243,2.371262202993375,0,0,0,0
BWTR,-0.02372061747056409,4.5217885770490405,6.1224928095143865,0.8505930329795395,-0.02372061747056409,2.087064022423232,0,0,0,1
BWY,-0.013719046092875624,4.983606621708336,6.214608098422191,0.8187780373724785,-0.013719046092875624,0.0,1,0,1,0
CAB,0.030198862266011022,4.983606621708336,6.51471269087253,0.8285667324128863,0.030198862266011022,2.924017738212866,0,0,0,1
CABG,0.025837184637571033,2.995732273553991,5.043425116919247,0.8041251327131391,0.025837184637571033,0.0,1,0,0,1
CADX,0.024348418198384663,4.007333185232471,5.389071729816501,0.8186499134204945,0.024348418198384663,0.0,1,0,1,1
CALD,-0.013856032240963977,4.5217885770490405,6.023447592961033,0.8040198569692442,-0.013856032240963977,1.9740230337485711,0,1,0,1
CALL,0.015247641034643978,4.356708826689592,5.713732805509369,0.8055538213737218,0.015247641034643978,0.0,0,0,0,0
CALX,0.053363823247533915,5.123963979403259,6.293419278846481,0.8426953296841778,0.053363823247533915,2.027400665191134,1,0,0,1
CAP,-0.010094639243490348,5.075173815233827,6.561030665896573,0.7815944185945751,-0.010094639243490348,0.0,0,1,0,0
CARB,-0.1623519476777104,4.59511985013459,5.963579343618446,0.6957603430951704,-0.1623519476777104,0.0,0,1,1,1
CATM,0.05537992930521834,5.308267697401205,6.639875833826536,0.8197225450657786,0.05537992930521834,0.0,0,1,1,0
CBEY,0.041111496865316996,5.703782474656201,6.504288173536645,0.8124477946770325,0.041111496865316996,0.0,0,0,1,0
CBOU,-0.02469393686831301,4.51085950651685,5.991464547107982,0.7299349137229043,-0.02469393686831301,0.0,0,0,0,0
CCO,0.06085692819100021,5.10594547390058,6.218600119691729,0.8191169326022043,0.06085692819100021,0.0,0,1,1,1
CDL,0.002309869621072027,4.532599493153256,6.133398042996649,0.7730802375739441,0.002309869621072027,1.7710976153043514,0,0,0,1
CDM,0.009441568676369546,4.574710978503383,5.849324779946859,0.8280929621185885,0.009441568676369546,0.0,0,1,1,1
CE,-0.05858667395878593,6.315358001522335,7.007600613951853,0.8177991002442782,-0.05858667395878593,0.0,1,0,1,0
CEMP,0.047780887304086854,4.983606621708336,6.018593214496234,0.7932975653856699,0.047780887304086854,0.0,1,0,1,1
CENF,0.03380491886864125,4.795790545596741,6.131226489483141,0.743020947647757,0.03380491886864125,1.9258567855541788,0,0,0,1
CERE,0.047564541326239926,4.653960350157523,6.313548046277095,0.8308038528694078,0.047564541326239926,0.0,0,0,1,1
CF,-0.010885933923670295,4.6913478822291435,6.3080984415095305,0.8057167260490968,-0.010885933923670295,0.0,1,0,0,0
CFX,0.04154455600912957,5.337538079701318,6.159095388491933,0.8214077391529563,0.04154455600912957,2.320794416806389,1,0,0,1
CGTK,-0.013775441835218064,3.6375861597263857,5.214935757608986,0.8162700927217953,-0.013775441835218064,1.8820720577620569,1,0,0,1
CHEF,-0.039305049874703096,4.406719247264253,5.780743515792329,0.7956532205803161,-0.039305049874703096,0.0,0,0,0,1
CLAY,-0.0028482541806786194,4.68213122712422,6.095824562432225,0.7995650755328896,-0.0028482541806786194,1.8420157493201932,0,1,0,1
CLD,0.05699491838087051,5.43372200355424,6.486160788944089,2.0001707481972364,0.05699491838087051,0.0,0,0,1,0
CLU,-0.009069643520976828,4.30406509320417,6.253828811575473,0.7489589372447827,-0.009069643520976828,0.0,1,0,1,0
CLUB,-0.02246402239096419,4.382026634673881,6.089044875446846,0.7537598392646543,-0.02246402239096419,0.0,0,1,1,1
CLWR,-0.045928277974958534,4.990432586778736,6.361302477572996,0.8057516170071137,-0.045928277974958534,1.6091489743427165,0,0,0,0
CML,0.04437081598735093,4.969813299576001,6.304448802421981,0.8458500710385984,0.04437081598735093,2.8325816747135235,0,1,0,1
CMP,0.03380491886864125,4.6443908991413725,6.095824562432225,0.8069466112932937,0.03380491886864125,0.0,0,0,1,1
CNSL,0.059454155167011566,5.6131281063880705,6.705639094860003,0.7773945274092267,0.059454155167011566,0.0,0,0,1,1
CNVO,0.016442651117707995,4.897839799950911,6.459904454377535,0.8399956112632779,0.016442651117707995,0.0,0,1,1,1
CNVX,0.013148883711569307,3.6109179126442243,5.303304908059076,0.8145484921024198,0.013148883711569307,0.0,1,0,1,1
COGT,0.008014169559762604,4.574710978503383,6.037870919922137,0.8384052930609085,0.008014169559762604,2.087064022423232,0,1,0,1
COLY,-0.006455284788673374,4.219507705176107,5.820082930352362,0.790496482046024,-0.006455284788673374,1.8820720577620569,1,0,0,1
COMV,0.008465131972944257,4.770684624465665,6.100318952020064,0.7817015598200361,0.008465131972944257,2.320794416806389,1,0,0,1
CONN,-0.0035916357394070756,5.030437921392435,6.135564891081739,0.788160399145882,-0.0035916357394070756,1.9740230337485711,0,0,0,0
CONR,0.03789430732969007,4.499809670330265,5.318119993844216,0.8516979625604275,0.03789430732969007,2.027400665191134,1,0,0,1
CORT,0.06947587823623698,3.8066624897703196,4.882801922586371,0.8406035615404549,0.06947587823623698,0.0,1,0,1,1
CPII,-0.0067025478259751595,4.859812404361672,6.396929655216146,0.7991419805312109,-0.0067025478259751595,1.805165505978112,1,0,0,0
CPIX,0.044272134313262886,3.970291913552122,5.986452005284438,0.7929772994342515,0.044272134313262886,2.371262202993375,1,0,0,0
CPX,0.00895365761153808,4.804021044733257,6.220590170099739,0.7805219744298169,0.00895365761153808,1.6321399230336169,0,0,0,1
CRDC,-0.014905424266206998,4.1588830833596715,5.786897381366708,0.812775767446071,-0.014905424266206998,0.0,1,0,1,1
CREL,-0.011281887075742946,5.030437921392435,6.359573868672378,0.795464169433857,-0.011281887075742946,0.0,0,1,1,0
CRI,0.00314882531779097,4.6443908991413725,5.968707559985366,0.7702310597315414,0.00314882531779097,1.7710976153043514,1,0,0,0
CRMH,6.118775639270777e-05,5.3471075307174685,6.133398042996649,0.7911020822555698,6.118775639270777e-05,0.0,0,0,1,1
CROX,-0.015121373258590741,4.564348191467836,5.988961416889864,0.7989721420189371,-0.015121373258590741,1.9740230337485711,1,0,0,0
CRU,0.049754821648229856,4.23410650459726,5.602118820879701,0.866779728249628,0.049754821648229856,0.0,0,0,1,0
CRYO,0.026627414345186208,3.9512437185814275,5.480638923341991,0.8368641630127918,0.026627414345186208,0.0,1,0,1,0
CSCD,0.043563710607244475,4.844187086458591,6.159095388491933,0.7615429876917214,0.043563710607244475,2.5543647746451774,1,0,0,0
CSIQ,0.017113521083632423,4.890349128221754,6.522092798170152,0.8262244807249842,0.017113521083632423,1.9258567855541788,1,0,0,1
CSTE,0.03113477157157728,5.043425116919247,6.4425401664681985,0.8234274940061922,0.03113477157157728,0.0,1,0,1,1
CTCT,0.05063222853902577,3.9318256327243257,5.8971538676367405,0.8145024611714926,0.05063222853902577,2.847033872200803,0,1,0,1
CTP,0.05436796021880253,3.6375861597263857,5.472270673671475,0.6459932639209351,0.05436796021880253,0.0,0,1,0,0
CTRN,0.04161250286003572,3.9889840465642745,5.937536205082426,0.8174198722329088,0.04161250286003572,1.9740230337485711,0,0,0,1
CVGI,-0.02780558531861782,4.7535901911063645,6.104793232414985,0.7730970714546165,-0.02780558531861782,0.0,1,0,1,1
CVI,0.0009944971818087848,5.82600010738045,7.29641326877392,0.7669217727390948,0.0009944971818087848,0.0,1,0,0,1
CXO,-0.0464621559185416,4.787491742782046,6.163314804034641,0.7704429360105988,-0.0464621559185416,0.0,0,0,1,1
CYNO,0.01076544990065678,4.0943445622221,5.877735781779639,0.7914594852737399,0.01076544990065678,2.4871131731971623,1,0,0,1
CYTK,-0.030411457792077785,3.871201010907891,5.5053315359323625,0.8100862229554703,-0.030411457792077785,2.027400665191134,1,0,0,1
CZR,0.04946365377677967,5.634789603169249,6.1903154058531475,0.8209177392495988,0.04946365377677967,0.0,0,1,0,1
DBTK,-0.0063156046994000984,4.543294782270004,6.2166061010848646,0.7500863051628459,-0.0063156046994000984,2.1544346900318834,0,1,0,1
DCIN,-0.03696715841625829,3.6635616461296463,5.918893854273146,0.8572187069860675,-0.03696715841625829,0.0,0,1,1,1
DCP,-0.005558980159684734,4.330733340286331,6.234410725718371,0.7780595051891003,-0.005558980159684734,0.0,0,1,1,0
DDMG,-0.05097464568124585,5.181783550292085,6.814542897259958,0.8030826825975232,-0.05097464568124585,0.0,0,1,1,0
DDUP,-0.008561623058511695,4.499809670330265,6.028278520230698,0.8019646508077546,-0.008561623058511695,2.7144176165949063,1,0,0,1
DEEP,0.033648959575388014,4.23410650459726,5.786897381366708,0.8018110599535279,0.033648959575388014,0.0,0,0,0,1
DEIX,-0.003240929708257981,4.74493212836325,5.978885764901122,0.7484289667417536,-0.003240929708257981,0.0,1,0,0,0
DEX,-0.08287206810309786,4.290459441148391,6.453624998892692,0.7769701707043929,-0.08287206810309786,0.0,1,0,1,1
DG,-0.003981063940780011,5.44673737166631,6.694562058521095,0.8218890288101808,-0.003981063940780011,0.0,0,0,1,1
DHX,0.04846885250614673,5.272999558563747,6.4692503167957724,0.8030062206694143,0.04846885250614673,2.027400665191134,0,1,0,1
DIVX,0.02538328073525964,4.532599493153256,6.0844994130751715,0.8295754787951368,0.02538328073525964,2.847033872200803,0,1,0,1
DK,-0.005558980159684734,4.060443010546419,6.192362489474872,0.7859797310820674,-0.005558980159684734,1.8820720577620569,0,0,0,1
DLB,0.020089649378692193,4.804021044733257,6.214608098422191,0.8679637759483296,0.020089649378692193,1.805165505978112,0,0,0,1
DM,-0.05328217125439354,5.2574953720277815,6.53813982376767,0.7523333214276423,-0.05328217125439354,0.0,1,0,0,1
DMAN,-0.03751629906765014,4.564348191467836,6.234410725718371,0.7213036463608584,-0.03751629906765014,0.0,0,1,0,0
DMD,0.014041837854611824,5.10594547390058,6.680854678790215,0.8191340012882116,0.014041837854611824,2.371262202993375,0,1,0,1
DMED,0.02312823138279143,4.852030263919617,5.966146739123692,0.7733218637187635,0.02312823138279143,0.0,1,0,1,0
DMND,0.05757457296364237,3.6888794541139363,5.6131281063880705,0.7487928683233702,0.05757457296364237,2.371262202993375,1,0,0,1
DNKN,-0.00021042127293830208,5.455321115357702,6.077642243349034,0.8064542956306324,-0.00021042127293830208,2.274366019525953,0,0,0,1
DOLE,0.05852111708533658,5.66988092298052,6.777646593635117,0.8282572188741032,0.05852111708533658,0.0,0,0,1,0
DPZ,-0.019651975924335506,4.007333185232471,6.061456918928017,0.7423356392313297,-0.019651975924335506,0.0,0,0,1,0
DRC,0.015487112031121256,4.77912349311153,6.361302477572996,0.7285800389215289,0.015487112031121256,1.7099759466766968,1,0,0,1
DRTX,0.023492497110513433,4.624972813284271,5.945420608606575,0.8424934070806787,0.023492497110513433,0.0,1,0,1,1
DSUP,-0.004839837912175111,5.153291594497779,6.18826412308259,0.8011951102836571,-0.004839837912175111,0.0,1,0,1,0
DSW,0.006842770621949718,4.477336814478207,6.1463292576688975,0.799766574276742,0.006842770621949718,2.656646422956528,0,0,0,0
DTSI,0.04401094690851535,4.553876891600541,5.82600010738045,0.8188128189168081,0.04401094690851535,2.371262202993375,0,0,0,1
DVAX,-0.0006468979863711416,3.784189633918261,5.225746673713202,0.7885762313048114,-0.0006468979863711416,0.0,1,0,1,1
DVOX,0.045262646375410436,4.532599493153256,6.236369590203704,0.829016092462168,0.045262646375410436,0.0,0,1,1,0
DVR,-0.0173493970743838,4.330733340286331,5.736572297479192,0.790488216131013,-0.0173493970743838,0.0,0,0,1,0
DWA,0.010983105662161895,4.143134726391533,6.016157159698354,0.8837871947536808,0.010983105662161895,2.5543647746451774,0,1,0,1
DWRE,0.030940585942283706,4.564348191467836,6.3835066348840055,0.833488641817343,0.030940585942283706,2.645668419946999,0,1,0,1
DWRI,0.006311125847511249,3.8918202981106265,5.811140992976701,0.794129145970197,0.006311125847511249,2.087064022423232,0,0,0,1
DXCM,-0.004151915958176802,3.4011973816621555,5.030437921392435,0.8652702155533124,-0.004151915958176802,0.0,1,0,1,0
DYP,-0.0266422234473113,5.438079308923196,6.710523109452428,0.797950288240716,-0.0266422234473113,0.0,1,0,1,0
EBS,0.03156724266362676,4.330733340286331,6.364750756851911,0.8374970955033656,0.03156724266362676,0.0,1,0,1,0
ECHO,-0.0027121917885262474,3.871201010907891,6.192362489474872,0.7424135228815828,-0.0027121917885262474,0.0,0,0,0,1
ECYT,0.00944825402994243,4.5217885770490405,6.0063531596017325,0.8594762377704613,0.00944825402994243,0.0,1,0,1,1
EDG,-0.011181452773144654,5.4116460518550396,6.428105272684596,2.221710337274796,-0.011181452773144654,0.0,0,0,1,0
EDMC,-0.0027121917885262474,5.087596335232384,6.311734809152915,0.8407245254161119,-0.0027121917885262474,0.0,0,1,1,1
EEEE,0.019835982850230017,4.382026634673881,6.093569770045136,0.854517448089444,0.019835982850230017,0.0,0,1,1,1
EGLT,-0.010369428156983829,4.290459441148391,5.981414211254481,0.7092277421795703,-0.010369428156983829,1.4938015821857216,1,0,0,0
ELOQ,0.01734874565383533,4.795790545596741,6.366470447731438,0.7016301653954283,0.01734874565383533,2.1196796658966526,0,1,0,1
EM,0.026555255526722457,4.727387818712341,6.1903154058531475,0.6937713235491595,0.026555255526722457,1.9034610713106546,0,1,0,1
EMAG,0.006385606555695641,4.48863636973214,6.144185634125646,0.823132718893606,0.006385606555695641,0.0,0,1,1,1
ENPH,0.038019996703800685,4.74493212836325,5.948034989180646,0.734659556886863,0.038019996703800685,0.0,1,0,1,1
ENSG,-0.012382727363617861,4.976733742420574,6.47543271670409,0.8018175644023233,-0.012382727363617861,0.0,0,1,1,0
ENTA,0.03047147241511062,4.465908118654584,6.272877006546167,0.8363064398177568,0.03047147241511062,0.0,1,0,1,1
ENTR,0.0400947259947003,4.77912349311153,6.1463292576688975,0.8146999388098147,0.0400947259947003,0.0,1,0,1,1
ENV,0.04110381750255497,4.59511985013459,6.0014148779611505,0.8274988703155396,0.04110381750255497,0.0,0,1,1,1
EPAM,0.04946365377677967,4.68213122712422,6.0063531596017325,0.6807317772677496,0.04946365377677967,0.0,0,1,1,1
EPOC,0.014589883564370135,4.882801922586371,6.568077911411976,0.827647834830029,0.014589883564370135,2.4264275032025866,0,1,0,1
ERII,-0.039427182272424366,4.189654742026425,6.089044875446846,0.789877353484534,-0.039427182272424366,1.8420157493201932,1,0,0,1
ETRM,-0.04017284790046339,4.276666119016055,5.594711379601839,0.8159512284609085,-0.04017284790046339,0.0,1,0,1,1
EVVV,0.012479814606479392,5.209486152841421,6.3578422665081,0.7983465752598299,0.012479814606479392,0.0,1,0,1,1
EXA,0.03158121781594317,5.017279836814924,6.369900982828227,0.85325920703335,0.03158121781594317,0.0,0,1,1,0
EXAM,0.051102896447133964,4.948759890378168,6.18826412308259,0.7888879928147616,0.051102896447133964,0.0,0,1,1,1
EXLS,0.03588740285130387,4.718498871295094,6.280395838960195,0.7879026338869978,0.03588740285130387,2.8325816747135235,0,0,0,1
EXPR,-0.03718971511231524,5.19295685089021,6.329720905522696,0.7562719481829502,-0.03718971511231524,0.0,0,0,1,0
EYET,-0.014565682221295203,3.5263605246161616,5.225746673713202,0.8245052063495399,-0.014565682221295203,2.19158741684435,1,0,0,1
FACE,0.017113521083632423,4.418840607796598,5.961005339623274,0.7990973393479662,0.017113521083632423,1.8420157493201932,1,0,0,1
FANG,-0.041430293245650736,5.0689042022202315,6.285998094508865,0.7115573612033619,-0.041430293245650736,0.0,0,0,1,0
FB,-0.08225588236193797,4.653960350157523,6.403574197934815,0.8560124155559105,-0.08225588236193797,1.7710976153043514,0,1,0,1
FCL,0.02059574803800171,5.236441962829949,6.313548046277095,0.8196141591680963,0.02059574803800171,2.811442217672497,0,0,0,0
FFN,0.04943393010665701,5.43372200355424,6.555356891810665,0.7875239034959246,0.04943393010665701,0.0,0,1,1,0
FIO,-0.05263816056638923,4.700480365792417,6.0014148779611505,0.7211800230522276,-0.05263816056638923,2.274366019525953,1,0,0,1
FIRE,-0.04436262175280906,5.003946305945459,6.257667587882639,0.8219940223234409,-0.04436262175280906,2.4871131731971623,0,1,0,1
FIVE,0.023492497110513433,4.343805421853684,6.19644412779452,0.8178338370053856,0.023492497110513433,1.8420157493201932,0,0,0,1
FLT,0.0552387875374565,5.0369526024136295,6.561030665896573,0.7719167104611698,0.0552387875374565,0.0,0,1,1,1
FLTX,-0.011098404275872215,5.384495062789089,6.467698726104354,0.7777388552460318,-0.011098404275872215,1.8420157493201932,0,1,0,1
FN,-0.0014126500501653585,4.976733742420574,6.269096283706261,0.7809914391584586,-0.0014126500501653585,0.0,1,0,1,1
FNET,-0.0038625301630184003,4.276666119016055,5.521460917862246,0.6558979794119871,-0.0038625301630184003,0.0,1,0,1,1
FOLD,0.005860839623049092,4.3694478524670215,5.849324779946859,0.8357323424526059,0.005860839623049092,0.0,1,0,0,0
FOXH,0.010983105662161895,3.784189633918261,5.472270673671475,0.8131419872283177,0.010983105662161895,1.9740230337485711,1,0,0,1
FRAN,0.01976938067024998,5.003946305945459,6.3784261836515865,0.7285050661433586,0.01976938067024998,2.371262202993375,0,0,0,1
FRP,-0.006417682468154485,4.762173934797756,6.249975242259483,0.7645393921960665,-0.006417682468154485,0.0,0,0,1,0
FSL,-0.01910244342436604,5.993961427306569,6.77078942390898,0.8466866844469053,-0.01910244342436604,0.0,1,0,1,1
FSLR,0.04260324179750454,5.231108616854587,6.313548046277095,0.8011748645080261,0.04260324179750454,2.2314431669405645,1,0,0,1
FSTC,-0.024071643443847882,4.248495242049359,5.937536205082426,0.831481467865481,-0.024071643443847882,0.0,0,1,1,0
FTD,0.006385606555695641,4.290459441148391,6.186208623900494,0.7312981213288339,0.006385606555695641,0.0,0,1,0,1
FTNT,0.06748534626612396,4.875197323201151,6.349138991379798,0.8231916286173184,0.06748534626612396,2.924017738212866,1,0,0,0
FUQI,0.0009944971818087848,4.406719247264253,5.811140992976701,0.7916641974363113,0.0009944971818087848,2.320794416806389,1,0,0,1
G,-0.05328217125439354,4.727387818712341,6.46302945692067,0.8195726765112074,-0.05328217125439354,0.0,0,0,1,1
GASS,-0.019194814550172485,4.060443010546419,5.955837369464831,0.8050130172518561,-0.019194814550172485,0.0,0,0,1,0
GEVO,0.029860707346193956,4.941642422609304,6.257667587882639,0.7963594189713319,0.029860707346193956,1.9258567855541788,0,1,0,1
GGL,0.027548650055080844,4.430816798843313,5.786897381366708,0.8170624411890716,0.027548650055080844,1.805165505978112,1,0,0,1
GGS,0.045262646375410436,4.718498871295094,6.159095388491933,0.8089939341368537,0.045262646375410436,0.0,0,0,1,0
GGXY,0.04125354038757876,4.330733340286331,6.1070228877422545,0.824179501150781,0.04125354038757876,2.5543647746451774,0,0,0,1
GHDX,-0.02469393686831301,3.8066624897703196,5.752572638825633,0.8013405227160859,-0.02469393686831301,0.0,0,1,1,0
GKIS,0.039421514193675476,4.68213122712422,5.631211781821365,0.787900218338994,0.039421514193675476,0.0,1,0,1,1
GLOG,0.038019996703800685,4.465908118654584,6.248042874508429,0.8314477054412011,0.038019996703800685,0.0,0,0,1,0
GLUU,0.017658788652279187,5.1298987149230735,6.396929655216146,0.7403510642469636,0.017658788652279187,1.6565038123598101,0,1,0,1
GMAN,0.02312823138279143,4.48863636973214,5.953243334287785,0.0,0.02312823138279143,0.0,0,0,1,1
GMED,-0.0010333903498208519,4.9344739331306915,5.986452005284438,0.8199834242439997,-0.0010333903498208519,0.0,1,0,1,1
GMET,-0.03686673336937319,5.043425116919247,6.222576268071369,0.8341073874837114,-0.03686673336937319,0.0,0,0,1,0
GMTN,-0.008501908788810792,3.9512437185814275,5.517452896464707,0.8136640232881532,-0.008501908788810792,1.8820720577620569,0,0,0,1
GNMK,0.004195599746942381,4.574710978503383,5.616771097666572,0.7949395274626228,0.004195599746942381,0.0,1,0,1,0
GNOM,0.0502573584765036,4.969813299576001,6.150602768446279,0.8332393590594882,0.0502573584765036,0.0,0,1,1,0
GNRC,-0.05411991916838179,5.25227342804663,6.338594078203183,0.7899491231910533,-0.05411991916838179,0.0,1,0,1,0
GOLF,-0.03722228311578906,4.762173934797756,6.1070228877422545,0.7979939744326344,-0.03722228311578906,0.0,0,0,1,0
GOOG,-0.026448766740728977,4.465908118654584,6.175867270105761,0.8149722940828175,-0.026448766740728977,0.0,0,1,1,0
GRPN,0.008862654741110487,4.770684624465665,6.481577129276431,0.8380873143412325,0.008862654741110487,2.6034991753306884,0,1,0,1
GSAT,-0.0063522437519568905,5.429345628954441,6.63200177739563,0.7987227546598068,-0.0063522437519568905,0.0,0,0,0,0
GSE,0.05204084997257084,5.3230099791384085,6.5337888379333435,0.7871724847390845,0.05204084997257084,0.0,1,0,1,1
GTEC,0.05699491838087051,4.356708826689592,6.013715156042802,0.80667870939197,0.05699491838087051,0.0,0,1,1,1
GTOP,0.013148883711569307,4.07753744390572,5.356586274672012,0.8122397873354317,0.013148883711569307,0.0,1,0,1,1
GTXI,-0.023438007501532746,3.912023005428146,5.267858159063328,0.8284825107291448,-0.023438007501532746,1.5285535436643993,1,0,0,0
GUID,-0.014063666503357754,5.176149732573829,6.297109319933935,0.8164259256020612,-0.014063666503357754,0.0,0,1,1,1
GWAY,0.04916280160245258,4.30406509320417,5.908082938168931,0.8428430654507821,0.04916280160245258,0.0,0,1,1,1
GXDX,0.0020075989510756733,4.8283137373023015,6.0112671744041615,0.8351749510763468,0.0020075989510756733,2.371262202993375,0,1,0,1
HCA,-0.027255578755985905,5.662960480135946,6.037870919922137,0.769535897885528,-0.027255578755985905,1.739464085489495,0,1,0,1
HCCI,-0.032710695501986374,4.110873864173311,5.541263545158426,0.7663966359958261,-0.032710695501986374,0.0,0,0,0,1
HEES,-0.0038625301630184003,5.030437921392435,6.4425401664681985,0.8086643898390664,-0.0038625301630184003,2.320794416806389,0,1,0,1
HEM,-0.00860636833200647,3.912023005428146,5.631211781821365,0.7689851793027283,-0.00860636833200647,0.0,1,0,1,1
HERO,0.007191348327184309,4.634728988229636,6.202535517187923,0.8015098232981318,0.007191348327184309,1.739464085489495,0,0,0,0
HGG,0.036830796877746964,4.343805421853684,5.996452088619021,0.8503666187846115,0.036830796877746964,0.0,0,0,1,1
HIRE,-0.04986259667304091,4.2626798770413155,5.8971538676367405,0.8062250753850693,-0.04986259667304091,0.0,0,1,1,0
HITT,0.059454155167011566,4.219507705176107,5.950642552587727,0.8278179458724025,0.059454155167011566,2.371262202993375,1,0,0,1
HLYS,-0.01269239188194706,4.2626798770413155,5.937536205082426,0.771630212663986,-0.01269239188194706,2.8655216231663623,1,0,0,1
HNSN,0.026883961460419603,4.454347296253507,5.54907608489522,0.8280123618693784,0.026883961460419603,0.0,1,0,0,1
HOO,-0.061199507435685606,5.356586274672012,6.93537044601511,0.7937017669029504,-0.061199507435685606,0.0,0,0,1,0
HPTX,-0.03995423330689589,4.584967478670572,5.988961416889864,0.7879208696481573,-0.03995423330689589,0.0,1,0,1,1
HPY,-0.010885933923670295,4.990432586778736,6.320768294250582,0.7135616666348796,-0.010885933923670295,2.7144176165949063,0,0,0,1
HRZ,-0.022585781468139894,4.406719247264253,5.991464547107982,0.763325576745452,-0.022585781468139894,0.0,0,0,1,1
HS,-0.014905424266206998,4.897839799950911,6.0112671744041615,0.7239346070836631,-0.014905424266206998,2.449986525148223,0,0,0,1
HTZ,0.026883961460419603,5.332718793265369,6.577861357721047,0.7959023165709371,0.026883961460419603,0.0,0,1,1,1
HUN,0.009124591224158932,6.131226489483141,6.939253946041508,0.7620684755335996,0.009124591224158932,1.6565038123598101,1,0,0,1
HURN,0.024642171573121607,3.871201010907891,5.749392985908253,0.7643837602721552,0.024642171573121607,0.0,0,1,0,1
IBI,0.036866889518440776,4.189654742026425,5.697093486505405,0.7982470474857238,0.036866889518440776,0.0,0,0,1,1
ICFI,0.051895160794828976,4.290459441148391,6.115892125483034,0.8275055930783374,0.051895160794828976,0.0,0,1,1,1
ICPT,-0.03990318894493307,4.68213122712422,6.07993319509559,0.8719434448190662,-0.03990318894493307,1.9258567855541788,1,0,0,1
ICXT,-0.019999416118981355,5.313205979041787,6.568077911411976,0.7790440675535157,-0.019999416118981355,0.0,1,0,1,0
IFO,0.019074145624490203,3.6375861597263857,5.262690188904886,0.7182173743792611,0.019074145624490203,0.0,0,0,0,0
IKAN,-0.022858004861799515,6.8501261661455,7.4673710669175595,0.8027365133831103,-0.022858004861799515,2.087064022423232,1,0,0,1
IL,0.050248012316791976,5.4116460518550396,6.678342114654332,0.8263379274034353,0.050248012316791976,0.0,0,1,1,0
ILSE,0.039421514193675476,4.477336814478207,5.932245187448011,0.8156302463908677,0.039421514193675476,2.027400665191134,1,0,0,1
IMI,-0.05097464568124585,4.812184355372417,6.1675164908883415,0.8010811980918452,-0.05097464568124585,0.0,1,0,1,0
IMMC,0.022092379851270345,4.110873864173311,5.768320995793772,0.8194570127161427,0.022092379851270345,0.0,1,0,1,1
INCX,0.039048477802826755,3.7376696182833684,5.44673737166631,0.7872771707584858,0.039048477802826755,0.0,0,1,1,0
INET,-0.06729617762554349,4.3694478524670215,5.945420608606575,0.8413382028321532,-0.06729617762554349,0.0,0,1,1,0
INHX,0.018783088263761943,4.060443010546419,5.517452896464707,0.8298287315409891,0.018783088263761943,0.0,1,0,1,1
INPC,0.07023428379468515,4.709530201312334,6.436150368369428,0.7773576641386875,0.07023428379468515,2.656646422956528,0,0,0,1
INVN,0.01545098227966197,4.382026634673881,6.0473721790462776,0.8211436444743644,0.01545098227966197,0.0,1,0,1,1
INWK,0.019726890475323992,3.5553480614894135,5.953243334287785,0.714537625523335,0.019726890475323992,1.805165505978112,1,0,0,1
IOMI,-0.004257339854812438,4.23410650459726,5.799092654460526,0.8280854848533984,-0.004257339854812438,0.0,1,0,1,0
IPAS,0.026413281152117093,4.007333185232471,5.648974238161206,0.7799733966981763,0.026413281152117093,3.4199518933533937,0,1,0,1
IPCM,-0.0928793314420471,4.787491742782046,5.902633333401366,0.8002284392697414,-0.0928793314420471,0.0,0,1,0,1
IPDN,-0.001710114517104365,3.970291913552122,5.58724865840025,0.8219561859667207,-0.001710114517104365,0.0,0,1,1,0
IPGP,-0.014063666503357754,4.68213122712422,6.118097198041348,0.822025827164502,-0.014063666503357754,2.39821067139974,1,0,0,1
IPHI,0.0502573584765036,4.997212273764115,6.18826412308259,0.8696871295519668,0.0502573584765036,2.087064022423232,1,0,0,1
IPHS,-0.0063522437519568905,5.198497031265826,6.302618975744905,0.7950947225519988,-0.0063522437519568905,0.0,0,0,1,1
IPI,0.017209259248019117,4.890349128221754,6.1224928095143865,0.8179806941325065,0.017209259248019117,2.4264275032025866,0,0,0,1
IPMT,0.06699643578439202,4.330733340286331,5.8971538676367405,0.7716238715564254,0.06699643578439202,1.8820720577620569,0,1,0,1
IRWD,-0.04314028032826046,4.983606621708336,6.4967749901858625,0.8229479293962576,-0.04314028032826046,0.0,1,0,1,1
ISLN,-0.0063156046994000984,4.382026634673881,6.218600119691729,0.7378925690689159,-0.0063156046994000984,2.353953102676801,1,0,0,1
ITC,0.04375023099197926,4.48863636973214,6.202535517187923,0.7895282028162649,0.04375023099197926,2.46621207433047,0,0,0,0
ITLN,0.033730030956829714,4.394449154672439,5.983936280687191,0.8119475048071302,0.033730030956829714,0.0,1,0,1,1
IVII,0.0928958048742471,4.836281906951478,6.137727054086234,0.8111608854852873,0.0928958048742471,2.5543647746451774,0,1,0,1
IWA,0.047434548648868174,4.787491742782046,6.150602768446279,0.7886283029791326,0.047434548648868174,0.0,0,0,0,1
JOR,-0.0215517750235283,4.820281565605037,6.068425588244111,0.7758474423704321,-0.0215517750235283,0.0,0,0,1,0
KAR,0.013508915272795578,5.049856007249537,5.82600010738045,0.8314421921851997,0.013508915272795578,0.0,0,0,1,1
KBAY,-0.08287206810309786,4.77912349311153,6.093569770045136,0.765548861969567,-0.08287206810309786,0.0,0,1,1,1
KCI,-0.02685481572551105,4.795790545596741,6.244166900663736,0.7626504539777476,-0.02685481572551105,1.9258567855541788,1,0,0,1
KEYW,0.05849216094127141,4.406719247264253,6.089044875446846,0.8508616191146328,0.05849216094127141,0.0,0,1,1,1
KIOR,-0.017748889853808732,4.499809670330265,6.2422232654551655,0.8520270331653104,-0.017748889853808732,0.0,1,0,1,0
KIPS,0.040619988496656566,4.77912349311153,5.831882477283517,0.8619031159163448,0.040619988496656566,4.641588833612778,1,0,0,0
KNOL,-0.015498481665338357,4.330733340286331,6.269096283706261,0.7598792416897507,-0.015498481665338357,0.0,0,0,1,1
KNTA,-0.0011741145629854926,3.5263605246161616,5.4116460518550396,0.8393015620277313,-0.0011741145629854926,0.0,0,1,1,1
KNXA,0.0009176316515647274,4.584967478670572,6.093569770045136,0.7978538946130057,0.0009176316515647274,0.0,0,1,1,1
KONA,-0.017173041723842902,4.204692619390966,5.916202062607435,0.828223036921307,-0.017173041723842902,1.682390865739974,0,0,0,1
KORS,0.034906080221913875,4.5217885770490405,5.948034989180646,0.6580337662763434,0.034906080221913875,2.2314431669405645,1,0,0,1
KRA,0.016630012089519853,5.043425116919247,6.182084906716632,0.7914350462008202,0.016630012089519853,0.0,1,0,1,1
LDIS,0.04014120345032836,3.9318256327243257,5.940171252720432,0.7995086568547793,0.04014120345032836,1.9740230337485711,1,0,0,0
LGBT,0.021412189133903532,4.1588830833596715,5.929589143389895,0.8073600296917736,0.021412189133903532,0.0,0,1,1,1
LHCG,0.014065941863343081,4.61512051684126,6.263398262591624,0.7752033136611807,0.014065941863343081,1.9740230337485711,0,1,0,1
LIMC,0.030329681116254243,3.9512437185814275,5.846438775057725,0.7560603387939654,0.030329681116254243,1.682390865739974,0,0,0,1
LIMS,0.0038437446821914974,4.454347296253507,5.950642552587727,0.7871179307492369,0.0038437446821914974,0.0,0,1,1,1
LINC,-0.00125381499758911,4.31748811353631,6.059123195581797,0.7870056337119823,-0.00125381499758911,0.0,0,1,0,1
LLNW,0.002046754742247154,4.976733742420574,6.045005314036012,0.7286780377849593,0.002046754742247154,2.4871131731971623,0,1,0,1
LMAT,0.028767031227218878,5.017279836814924,6.214608098422191,0.8252670919049448,0.028767031227218878,0.0,1,0,1,0
LNKD,-0.017276777870284775,4.330733340286331,6.331501849893691,0.8386445852040378,-0.017276777870284775,1.5107780534895245,0,1,0,1
LOCK,0.001083693052800594,5.3612921657094255,6.542471960506805,0.7008407190619271,0.001083693052800594,0.0,0,1,1,0
LOGM,-0.0072171868490296534,4.68213122712422,6.466144724237619,0.7508353475113746,-0.0072171868490296534,1.8820720577620569,0,1,0,1
LPI,0.034906080221913875,5.327876168789581,6.411818267709897,0.7924226459144585,0.034906080221913875,0.0,0,0,1,1
LPR,-0.01910244342436604,4.927253685157205,5.910796644040527,0.8593943795630538,-0.01910244342436604,0.0,0,0,1,0
LQDT,-0.011441967183758967,3.970291913552122,6.3561076606958915,0.7867804801553078,-0.011441967183758967,0.0,0,1,0,1
LTM,0.006311125847511249,3.8066624897703196,5.953243334287785,0.7883854787425961,0.006311125847511249,1.4057211088362485,0,1,0,1
LULU,-0.039757110614729606,5.0238805208462765,6.432940092739179,0.7287005432423991,-0.039757110614729606,2.320794416806389,0,0,0,0
LUNA,-0.02246402239096419,3.970291913552122,5.7899601708972535,0.8450887802677005,-0.02246402239096419,0.0,0,1,1,0
LVS,0.043563710607244475,4.718498871295094,6.152732694704104,0.7861358992403128,0.043563710607244475,2.519842099789747,0,1,0,1
MA,-0.06045497970471485,4.6913478822291435,6.22455842927536,0.8357418736303872,-0.06045497970471485,0.0,0,1,1,0
MACK,0.04752158094846331,4.852030263919617,6.315358001522335,0.8422903028829619,0.04752158094846331,0.0,1,0,1,0
MAKO,-0.0008063218195906665,4.605170185988092,5.961005339623274,0.7990712412248072,-0.0008063218195906665,0.0,1,0,1,0
MANU,0.027323200181012516,4.59511985013459,6.2166061010848646,0.7945847663391129,0.027323200181012516,0.0,0,1,1,0
MAPP,0.04162781832796953,4.060443010546419,5.680172609017068,0.8106224954482937,0.04162781832796953,0.0,1,0,1,1
MASI,-0.04986259667304091,5.209486152841421,6.359573868672378,0.7978357343981314,-0.04986259667304091,0.0,1,0,0,1
MATH,0.007191348327184309,4.189654742026425,5.459585514144159,0.8031621832402754,0.007191348327184309,0.0,1,0,1,0
MBLX,0.012849097356874246,4.5217885770490405,5.802118375377063,0.8308271483287272,0.012849097356874246,1.9740230337485711,0,1,0,1
MBRX,0.04014120345032836,3.5263605246161616,5.3981627015177525,0.7861001363411139,0.04014120345032836,0.0,1,0,1,0
MCP,0.04110381750255497,4.6913478822291435,5.929589143389895,0.8728356382866169,0.04110381750255497,0.0,1,0,1,0
MDAS,0.048222318623155534,5.198497031265826,6.709304340258298,0.7886941577421827,0.048222318623155534,1.8820720577620569,0,1,0,1
MDMD,0.038980954497562045,4.543294782270004,6.154858094016418,0.8159231978262028,0.038980954497562045,0.0,0,1,1,0
MDSO,-0.029923216657979465,5.087596335232384,6.406879986069314,0.8086652221185239,-0.029923216657979465,2.5543647746451774,0,1,0,0
MEDE,-0.014063666503357754,5.662960480135946,6.684611727667927,0.8153013860644938,-0.014063666503357754,0.0,0,1,1,0
MEDH,0.00944825402994243,4.875197323201151,5.863631175598097,0.7938617052007401,0.00944825402994243,0.0,0,1,1,1
MELA,-0.013351642245815755,3.8501476017100584,5.529429087511423,0.8571322061858945,-0.013351642245815755,0.0,1,0,1,1
MEMS,0.033730030956829714,4.663439094112067,6.309918278226516,0.7194649085622729,0.033730030956829714,0.0,1,0,1,1
MEND,0.012479814606479392,4.836281906951478,5.68697535633982,0.8265448228917872,0.012479814606479392,0.0,1,0,1,1
MFLX,0.030198862266011022,4.5217885770490405,6.0473721790462776,0.833466076246181,0.030198862266011022,0.0,1,0,1,1
MG,0.0012337806712595888,5.030437921392435,6.385194398997726,0.7997587406760516,0.0012337806712595888,0.0,0,1,1,1
MHGC,-0.011466887047280744,4.74493212836325,6.293419278846481,0.7822891581860206,-0.011466887047280744,0.0,0,1,0,0
MIPI,-0.009227861539718062,4.382026634673881,6.2166061010848646,0.8207087077412398,-0.009227861539718062,0.0,1,0,1,1
MJN,0.011375196425691042,4.709530201312334,5.902633333401366,0.8075423264271521,0.011375196425691042,1.8820720577620569,1,0,0,1
MKTG,0.0016242938701320053,4.48863636973214,6.100318952020064,0.8473812864458641,0.0016242938701320053,3.0978733152070044,0,1,0,1
MLNX,0.016234824406075828,4.477336814478207,5.733341276897746,0.7823755777369396,0.016234824406075828,2.371262202993375,1,0,0,1
MM,0.04752158094846331,4.68213122712422,6.327936783729195,0.8448235591185833,0.04752158094846331,3.107232505953859,0,1,0,1
MNKD,-0.045963193905305004,4.110873864173311,5.327876168789581,0.8166306937401986,-0.045963193905305004,0.0,1,0,0,1
MNTA,-0.005204730567745611,3.295836866004329,5.247024072160486,0.8333277283671335,-0.005204730567745611,0.0,1,0,1,1
MOH,-0.002084846074433473,3.332204510175204,5.5254529391317835,0.7728666773553209,-0.002084846074433473,1.4327608115831811,0,0,0,0
MOTR,0.011934978076666231,5.69035945432406,6.29156913955832,0.7498952923205797,0.011934978076666231,0.0,1,0,1,1
MOTV,0.030198862266011022,4.897839799950911,6.137727054086234,0.7921692622144166,0.030198862266011022,0.0,0,1,1,1
MPO,-0.02226088431474113,4.897839799950911,6.018593214496234,0.8314925995166619,-0.02226088431474113,0.0,0,0,1,1
MPWR,0.05047290772158079,5.247024072160486,6.111467339502679,0.8229559580161744,0.05047290772158079,1.8420157493201932,1,0,0,1
MRC,-0.012649890726914682,5.796057750765372,6.424869023905388,0.7371297572677868,-0.012649890726914682,0.0,0,0,1,1
MRIN,0.016999659979245296,4.6913478822291435,6.364750756851911,0.8430667418049143,0.016999659979245296,2.5543647746451774,0,1,0,1
MRT,-0.014457302664450278,5.0238805208462765,6.240275845170769,0.7898559260248829,-0.014457302664450278,2.371262202993375,0,0,0,1
MTDR,0.04916280160245258,5.308267697401205,6.481577129276431,0.8154756778219552,0.04916280160245258,0.0,0,0,1,0
MTSI,0.030940585942283706,5.0106352940962555,6.184148890937483,0.70774786966324,0.030940585942283706,1.7710976153043514,1,0,0,1
MUSA,0.019538152328012624,5.099866427824199,6.2324480165505225,0.7597660285734837,0.019538152328012624,2.19158741684435,0,0,0,0
MXL,0.053363823247533915,4.48863636973214,5.855071922202427,0.8883256353269895,0.053363823247533915,2.5543647746451774,1,0,0,1
MYOG,0.013148883711569307,3.970291913552122,5.717027701406222,0.7796666216218868,0.013148883711569307,0.0,1,0,1,1
N,-0.019461930180780088,4.23410650459726,6.0473721790462776,0.8076948329107759,-0.019461930180780088,4.296451820203281,0,1,0,1
NCIT,-0.03994798366381734,3.5553480614894135,5.7430031878094825,0.818378159152221,-0.03994798366381734,0.0,0,1,1,1
NCMI,0.016234824406075828,4.51085950651685,6.028278520230698,0.8448649700058906,0.016234824406075828,2.19158741684435,0,1,0,1
NETL,-0.02445763809442177,4.90527477843843,6.142037405587356,0.8154597227721321,-0.02445763809442177,0.0,1,0,1,0
NEXT,-0.009283825646421207,4.0943445622221,6.018593214496234,0.8010870859054393,-0.009283825646421207,0.0,1,0,1,1
NGSX,0.028909796042798735,4.02535169073515,5.560681631015528,0.8514150506574076,0.028909796042798735,0.0,1,0,1,0
NGVC,-0.03730202283411388,3.091042453358316,5.902633333401366,0.7691604044884541,-0.03730202283411388,1.9258567855541788,0,0,0,1
NHWK,-0.014457302664450278,4.74493212836325,6.375024819828097,0.840074512283547,-0.014457302664450278,2.847033872200803,0,1,0,1
NILE,-0.03023471691106464,3.6375861597263857,5.2832037287379885,0.8068686163071037,-0.03023471691106464,2.2111561970705265,0,0,0,1
NLC,0.03753148264365503,5.209486152841421,6.401917196727186,0.8045249830342421,0.03753148264365503,0.0,1,0,1,1
NLSN,0.014041837854611824,6.102558594613569,6.723832440821209,0.7429935351327218,0.014041837854611824,2.1196796658966526,0,1,0,1
NOR,-0.05334674288233361,5.817111159963204,6.530877627725885,0.6873804807963884,-0.05334674288233361,0.0,1,0,1,1
NOW,0.012394383117309374,4.812184355372417,6.6052979209482015,0.8146950512001429,0.012394383117309374,2.320794416806389,0,1,0,1
NPTN,0.014589883564370135,5.2832037287379885,6.393590753950631,0.836475826597482,0.014589883564370135,2.1544346900318834,1,0,0,1
NPTT,0.0043540380024049185,4.890349128221754,6.018593214496234,0.7912009283524113,0.0043540380024049185,4.149132666831218,1,0,0,0
NSE,0.02877508481350393,4.820281565605037,6.342121418721152,0.822866261917815,0.02877508481350393,0.0,0,0,1,1
NSPH,0.029424861508276945,4.418840607796598,5.645446897643238,0.8244104817794495,0.029424861508276945,0.0,1,0,1,1
NSR,0.006842770621949718,4.31748811353631,6.100318952020064,0.8160099707550955,0.006842770621949718,2.5087413298623935,0,1,0,1
NSTC,0.011457396454871963,4.897839799950911,6.075346031088684,0.7896353998973811,0.011457396454871963,0.0,0,1,1,1
NSTR,-0.001870803276098693,4.1588830833596715,5.501258210544727,0.8467200799523,-0.001870803276098693,2.4871131731971623,1,0,0,1
NTGR,0.0039523620200359166,4.59511985013459,5.945420608606575,0.7955294727701682,0.0039523620200359166,3.0100671895439572,1,0,0,1
NURO,-0.08287206810309786,4.04305126783455,5.8805329864007,0.7486877323198545,-0.08287206810309786,0.0,1,0,1,1
NVT,-0.03087689769993485,4.875197323201151,6.093569770045136,0.8196288584767762,-0.03087689769993485,1.3248819442174422,0,1,0,1
NXPI,0.050248012316791976,6.520621127558696,6.8679744089702925,0.7645764780398334,0.050248012316791976,0.0,1,0,1,0
NXST,-0.03497935148670359,5.049856007249537,6.559615237493242,0.7741620925211925,-0.03497935148670359,0.0,0,0,1,0
NXTM,0.007191348327184309,4.605170185988092,5.961005339623274,0.7764738218791206,0.007191348327184309,0.0,1,0,1,1
NZ,0.030329681116254243,4.787491742782046,6.364750756851911,0.8088498737296478,0.030329681116254243,2.7144176165949063,1,0,0,1
OAS,0.04882583331660598,5.236441962829949,6.248042874508429,0.7757247039632078,0.04882583331660598,0.0,0,0,0,1
OCLS,0.017130780284440303,4.941642422609304,6.035481432524756,0.7819930940085966,0.017130780284440303,0.0,1,0,1,1
OCNF,0.03093035333965312,3.6635616461296463,5.351858133476067,0.9007669231074459,0.03093035333965312,0.0,0,0,1,1
ODMO,0.03128352766228791,3.9512437185814275,5.69035945432406,0.6545481519200425,0.03128352766228791,0.0,0,0,1,0
OESX,-0.019500882747040826,5.225746673713202,6.306275286948016,0.7261046283617865,-0.019500882747040826,0.0,1,0,0,1
OLED,0.036866889518440776,4.174387269895637,5.805134968916488,0.7890368058678064,0.036866889518440776,0.0,0,1,1,0
OMER,0.0012337806712595888,4.7535901911063645,6.249975242259483,0.8289920731486392,0.0012337806712595888,0.0,1,0,1,0
OMPI,-0.0173493970743838,5.278114659230517,6.47543271670409,0.819903134176082,-0.0173493970743838,0.0,1,0,1,0
OMRI,0.00895365761153808,4.394449154672439,5.986452005284438,0.8234039976615608,0.00895365761153808,0.0,1,0,1,1
ONE,0.04882583331660598,4.330733340286331,6.045005314036012,0.7236667337623549,0.04882583331660598,0.0,0,1,1,1
OPTM,0.03306440470784555,4.31748811353631,5.921578419643816,0.8204619545911609,0.03306440470784555,2.7452659121946708,1,0,0,1
OPTR,0.012946018279928658,4.07753744390572,5.583496308781699,0.8326626168835078,0.012946018279928658,0.0,1,0,1,1
OPTT,0.03093035333965312,4.820281565605037,5.655991810819852,0.7427855267140303,0.03093035333965312,0.0,1,0,1,1
OPXT,0.018573387615092914,4.68213122712422,5.942799375126701,0.7484971560403071,0.018573387615092914,1.9258567855541788,1,0,0,1
ORA,0.03753148264365503,4.762173934797756,6.385194398997726,0.8091347520069697,0.03753148264365503,0.0,0,0,1,1
ORBC,-0.010683512670571821,5.0689042022202315,6.324358962381311,0.8046839251780514,-0.010683512670571821,0.0,0,0,1,0
OREX,0.03619158726309408,3.828641396489095,5.5053315359323625,0.8008447734783547,0.03619158726309408,0.0,1,0,0,1
OSIR,0.024346162290600812,3.7612001156935624,5.793013608384144,0.8184197678871871,0.024346162290600812,0.0,1,0,1,0
OVNT,0.008901471474528345,4.927253685157205,6.349138991379798,0.7420748137451015,0.008901471474528345,1.7710976153043514,0,0,0,1
OWW,0.036830796877746964,5.14166355650266,6.447305862541213,0.8496258829007127,0.036830796877746964,0.0,0,0,1,0
P,-0.02888526608696547,4.382026634673881,6.194405391104672,0.8349646921881393,-0.02888526608696547,4.641588833612778,0,1,0,1
PA,-0.017606702228987723,6.075346031088684,6.9985096422506015,0.8270024879288603,-0.017606702228987723,0.0,0,0,1,0
PANW,0.04109396667393358,4.948759890378168,6.257667587882639,0.8506372412912604,0.04109396667393358,1.9740230337485711,1,0,0,1
PAR,-0.06729617762554349,4.477336814478207,6.20050917404269,0.8133997864008544,-0.06729617762554349,2.5543647746451774,1,0,0,0
PAY,-0.04827221695211025,4.8283137373023015,6.230481447578482,0.7530862066860441,-0.04827221695211025,0.0,1,0,1,1
PBH,0.0027305272904325772,4.700480365792417,6.437751649736401,0.6729389169748153,0.0027305272904325772,1.8820720577620569,1,0,0,1
PCRX,0.0066801557600190105,5.170483995038151,6.249975242259483,0.7663066158131229,0.0066801557600190105,0.0,1,0,1,1
PCS,0.03576920961214603,5.209486152841421,6.787844982309579,0.7993902189852949,0.03576920961214603,2.46621207433047,0,0,0,1
PEC,0.053257908057799265,4.74493212836325,6.251903883165888,0.8071253620297223,0.053257908057799265,0.0,0,0,1,1
PFMT,0.027323200181012516,4.770684624465665,5.616771097666572,0.8293162398726546,0.027323200181012516,0.0,0,1,1,1
PFWD,-0.0514494247729166,4.820281565605037,6.220590170099739,0.8448966656724048,-0.0514494247729166,0.0,0,1,1,1
PGTI,-0.022729584801688796,4.564348191467836,6.089044875446846,0.7886208927927237,-0.022729584801688796,0.0,1,0,1,1
PHRM,0.00693492115391497,3.4011973816621555,5.37989735354046,0.8133956036781858,0.00693492115391497,0.0,1,0,1,0
PINN,0.00665261116999354,4.795790545596741,6.066108090103747,0.7774603265766494,0.00665261116999354,0.0,0,0,1,0
PLOW,-0.030450897308127382,4.624972813284271,5.968707559985366,0.8238337521636547,-0.030450897308127382,0.0,1,0,1,1
PLTE,0.005649853106774685,4.442651256490317,6.144185634125646,0.7751167051907102,0.005649853106774685,1.8420157493201932,1,0,0,1
PMII,-0.012548144912838632,4.700480365792417,5.8664680569332965,0.8239144347299188,-0.012548144912838632,0.0,1,0,1,1
PODD,0.00665261116999354,4.276666119016055,5.697093486505405,0.8291266512533303,0.00665261116999354,0.0,1,0,0,1
PPO,0.021872903944552987,5.204006687076795,6.259581464064923,0.8130496534791072,0.021872903944552987,0.0,1,0,1,0
PRAI,0.047434548648868174,4.406719247264253,5.811140992976701,0.7814761914223602,0.047434548648868174,2.274366019525953,0,1,0,1
PRGN,-0.045154848496691075,4.204692619390966,5.910796644040527,0.7903552495154745,-0.045154848496691075,4.228960366379371,0,0,0,1
PRLB,0.03382320623002174,4.356708826689592,5.8916442118257715,0.8220128270931886,0.03382320623002174,2.4264275032025866,1,0,0,1
PRMW,0.04541489706610886,4.406719247264253,5.940171252720432,0.702620760613422,0.04541489706610886,0.0,0,0,0,1
PROJ,0.029424861508276945,4.990432586778736,6.542471960506805,0.8217746346313202,0.029424861508276945,0.0,0,1,0,0
PRSC,0.00684137614730739,4.330733340286331,6.144185634125646,0.8272138062028872,0.00684137614730739,3.5083289579009125,0,1,0,0
PRSS,0.04752158094846331,4.74493212836325,6.22455842927536,0.8482382209596209,0.04752158094846331,2.274366019525953,0,0,0,1
PRTS,0.012946018279928658,4.454347296253507,5.872117789475416,0.8432947882066841,0.012946018279928658,0.0,0,0,1,1
PRVD,-0.00900122191999983,4.406719247264253,5.796057750765372,0.7822699532399258,-0.00900122191999983,0.0,0,0,0,0
PSMI,0.02181132592841911,4.912654885736052,6.274762021241939,0.8485107682013779,0.02181132592841911,0.0,1,0,1,1
PSPT,0.006072283079279064,5.081404364984463,6.180016653652572,0.8183830891670539,0.006072283079279064,0.0,0,1,1,0
PTEK,-0.032698903758153694,3.1354942159291497,5.176149732573829,0.8428486123714314,-0.032698903758153694,0.0,1,0,0,1
PUMP,-0.03023471691106464,4.330733340286331,5.8944028342648505,0.7856354030614349,-0.03023471691106464,1.9258567855541788,1,0,0,1
QLIK,0.012058316862300132,4.532599493153256,6.20050917404269,0.8366589877652376,0.012058316862300132,2.2314431669405645,0,1,0,1
QLTY,0.035379568806444515,4.919980925828125,5.676753802268282,0.7903372492417706,0.035379568806444515,1.8420157493201932,0,0,0,1
QLYS,0.0036730017281200976,4.736198448394496,6.093569770045136,0.8430841139741558,0.0036730017281200976,0.0,0,1,0,1
QNST,-0.05411991916838179,5.075173815233827,6.289715570908998,0.0,-0.05411991916838179,0.0,0,1,1,0
QXM,0.030478263714888373,4.852030263919617,6.364750756851911,0.7795056173220327,0.030478263714888373,0.0,1,0,0,0
RA,0.005264090092373582,5.318119993844216,6.137727054086234,0.7497244684433853,0.005264090092373582,0.0,0,0,1,0
RACK,0.016412267563570677,4.927253685157205,6.638567789166521,0.8107115426505429,0.016412267563570677,0.0,1,0,0,1
RAIL,-0.013320562632980728,5.214935757608986,6.270988431858299,0.8412403213127017,-0.013320562632980728,2.274366019525953,1,0,0,1
RBCN,-0.06729617762554349,5.056245805348308,6.042632833682381,0.8119993821460754,-0.06729617762554349,1.9740230337485711,1,0,0,1
RDYN,-0.022729584801688796,4.919980925828125,6.246106765481563,0.8528250081230571,-0.022729584801688796,0.0,1,0,1,1
REDE,-0.012915449239152613,4.127134385045092,5.736572297479192,0.8116046707743091,-0.012915449239152613,0.0,0,0,0,1
REGI,0.06003589948138698,5.1647859739235145,6.759255270663693,0.8034857901841017,0.06003589948138698,0.0,1,0,1,1
REST,-0.03904801439802518,4.584967478670572,6.008813185442595,0.7816759823976356,-0.03904801439802518,0.0,1,0,1,1
REXX,-0.002117746190072883,4.787491742782046,6.0867747269123065,0.7975978779892609,-0.002117746190072883,0.0,0,0,1,0
RHEO,0.03557985361183929,4.060443010546419,5.834810737062605,0.7579261411602524,0.03557985361183929,2.087064022423232,1,0,0,1
RKUS,-0.048669477410061925,4.343805421853684,5.991464547107982,0.8533222809361585,-0.048669477410061925,1.9258567855541788,1,0,0,0
RLD,0.012058316862300132,4.9344739331306915,6.444131256700441,0.8590949344520342,0.012058316862300132,2.4264275032025866,0,0,0,1
RLOC,-0.08545458841445729,4.890349128221754,6.240275845170769,0.8721461420081407,-0.08545458841445729,0.0,0,1,1,1
RNDY,0.04946365377677967,4.7535901911063645,6.126869184114185,0.8350101909355369,0.04946365377677967,0.0,0,0,1,1
RNET,0.0552387875374565,4.852030263919617,5.87493073085203,0.7950384194629556,0.0552387875374565,0.0,0,0,1,1
RNOW,-0.02780558531861782,3.8918202981106265,5.777652323222656,0.8025038125697873,-0.02780558531861782,0.0,0,1,1,0
ROC,-0.03451192281812179,6.29156913955832,7.148345743900068,0.809721459404264,-0.03451192281812179,0.0,1,0,1,0
ROLL,-0.006455284788673374,4.5217885770490405,6.306275286948016,0.8094615512600982,-0.006455284788673374,0.0,1,0,1,1
ROSG,0.014618490285938526,3.871201010907891,5.393627546352362,0.8080645776713536,0.014618490285938526,0.0,1,0,1,1
ROX,0.027548650055080844,4.927253685157205,6.09807428216624,0.8044988736194294,0.027548650055080844,0.0,1,0,0,0
RP,-0.01814470284943303,4.709530201312334,6.406879986069314,0.828247940677734,-0.01814470284943303,0.0,0,1,1,1
RRR,0.011443570738132758,4.276666119016055,5.8916442118257715,0.7358724669444302,0.011443570738132758,0.0,0,1,1,0
RRST,0.023764668193491798,4.1588830833596715,5.953243334287785,0.8103625783302858,0.023764668193491798,1.6091489743427165,0,0,0,0
RRTS,-0.03718971511231524,4.465908118654584,5.655991810819852,0.7583270392504301,-0.03718971511231524,0.0,0,0,1,0
RST,0.06424352039413395,4.795790545596741,6.525029657843462,0.818578043287366,0.06424352039413395,2.320794416806389,0,1,0,1
RUE,-0.003981063940780011,4.276666119016055,5.8522024797744745,0.6759515421116782,-0.003981063940780011,2.274366019525953,0,0,0,1
RVBD,0.029658849885792867,4.1588830833596715,6.042632833682381,0.8199660705384112,0.029658849885792867,2.9551266447632476,1,0,0,0
SAI,0.05647474671864434,5.934894195619588,6.584791392385716,0.8597546991389323,0.05647474671864434,1.9258567855541788,0,1,0,1
SAVE,-0.01910244342436604,5.318119993844216,6.3473892096560105,0.8054785627675867,-0.01910244342436604,0.0,0,0,1,0
SB,0.015781590442152996,4.787491742782046,6.455198563340122,0.7869520423910304,0.015781590442152996,0.0,0,0,1,0
SCMP,-0.05328217125439354,5.187385805840755,6.52649485957079,0.82529705779574,-0.05328217125439354,0.0,1,0,1,1
SCOP,0.0062723650918384095,4.343805421853684,5.924255797414532,0.8276938861477547,0.0062723650918384095,0.0,1,0,1,1
SCOR,-0.008561623058511695,4.553876891600541,6.113682179832232,0.8451629775715748,-0.008561623058511695,2.1544346900318834,0,1,0,1
SCTY,0.02303784218787018,5.308267697401205,6.70808408385307,0.7503947044353472,0.02303784218787018,0.0,0,0,1,1
SDXC,0.016234824406075828,5.488937726156687,6.368187186350492,0.7953386409216842,0.016234824406075828,2.371262202993375,0,0,0,1
SEM,0.06540829472830442,5.030437921392435,6.2285110035911835,0.8105197369099161,0.06540829472830442,0.0,0,1,1,1
SENO,0.012283636076088008,4.48863636973214,6.0014148779611505,0.7863814251381449,0.012283636076088008,0.0,1,0,1,1
SFLY,0.050890498603735436,4.219507705176107,5.961005339623274,0.7888667840291136,0.050890498603735436,1.9258567855541788,0,1,0,1
SFSF,-0.08128005421833344,5.075173815233827,6.202535517187923,0.7442201380125778,-0.08128005421833344,2.2314431669405645,0,1,0,1
SGOC,0.05035909206912913,4.0943445622221,5.739792912179234,0.805634654371401,0.05035909206912913,0.0,1,0,1,1
SGTL,0.061566072144045254,4.276666119016055,5.802118375377063,0.8036809561358413,0.061566072144045254,2.924017738212866,1,0,0,1
SGXP,-0.004257339854812438,4.3694478524670215,5.700443573390687,0.8110880454936039,-0.004257339854812438,0.0,1,0,1,0
SHMR,-0.0019722692141044486,4.143134726391533,5.971261839790462,0.7949064221868624,-0.0019722692141044486,0.0,1,0,0,1
SHO,0.019104791635377056,5.117993812416755,6.133398042996649,0.846612015195595,0.019104791635377056,0.0,0,1,1,0
SHOR,0.024439700422253696,4.852030263919617,6.317164686747284,0.7302119616703548,0.024439700422253696,0.0,1,0,0,1
SIRF,0.0009722257328841361,4.394449154672439,5.823045895483019,0.8428002167311829,0.0009722257328841361,2.087064022423232,1,0,0,1
SIRT,0.011443570738132758,4.1588830833596715,5.771441123130016,0.8164980991718414,0.011443570738132758,0.0,1,0,0,1
SLCA,0.03966555078328324,4.844187086458591,5.883322388488279,0.7759890619890355,0.03966555078328324,0.0,0,0,0,0
SLRY,0.018573387615092914,4.532599493153256,6.037870919922137,0.8143169196566238,0.018573387615092914,2.5543647746451774,0,1,0,1
SMA,0.02059574803800171,4.110873864173311,5.877735781779639,0.7753786724957364,0.02059574803800171,1.9258567855541788,1,0,0,1
SMBI,-0.04177256458307564,4.77912349311153,5.973809611869261,0.7711280886198215,-0.04177256458307564,1.9258567855541788,0,1,0,1
SMCI,0.012283636076088008,4.653960350157523,6.1779441140506,0.7639307610803272,0.012283636076088008,0.0,1,0,1,1
SN,0.026934693199931203,4.700480365792417,5.75890177387728,0.8530067820323879,0.026934693199931203,0.0,0,0,1,0
SNCR,-0.03722228311578906,3.8918202981106265,5.8971538676367405,0.8072226936332334,-0.03722228311578906,0.0,0,1,1,1
SNMX,-0.005204730567745611,3.5553480614894135,5.54907608489522,0.7890776598316755,-0.005204730567745611,0.0,0,1,1,1
SNTA,-0.013881475176053433,4.48863636973214,5.8971538676367405,0.8377555061301826,-0.013881475176053433,0.0,1,0,1,0
SOLR,0.04333038842412912,4.477336814478207,6.329720905522696,0.7970215080340934,0.04333038842412912,0.0,1,0,0,0
SOMX,-0.0012710755751127556,3.4339872044851463,5.0689042022202315,0.8380534470171044,-0.0012710755751127556,0.0,1,0,0,1
SPLK,-0.01738198221030019,4.51085950651685,6.061456918928017,0.8611257784966426,-0.01738198221030019,3.4668063717531736,0,1,0,1
SPWR,0.0656009535043914,4.77912349311153,6.169610732491456,0.8359834307523623,0.0656009535043914,1.805165505978112,1,0,0,1
SQI,0.05794376554974497,4.844187086458591,6.411818267709897,0.8276904196707393,0.05794376554974497,0.0,0,1,1,1
SREV,-0.019044127622350648,4.736198448394496,6.371611847231857,0.8643161597473076,-0.019044127622350648,2.768182380588132,0,1,0,1
SRVY,-0.05049199702518034,4.564348191467836,6.013715156042802,0.8092571541694539,-0.05049199702518034,0.0,0,1,1,1
SSNC,0.02145049308771777,4.736198448394496,6.126869184114185,0.8100641723939617,0.02145049308771777,1.9258567855541788,0,1,0,1
SSNI,0.025172540125549817,5.2832037287379885,6.541029999189903,0.8513663253040923,0.025172540125549817,0.0,1,0,0,1
SSTK,-0.03990318894493307,4.859812404361672,6.401917196727186,0.8437666486079607,-0.03990318894493307,2.777566121439121,0,1,0,1
ST,0.047410915011240645,5.652489180268651,6.687108607866515,0.819274478171663,0.047410915011240645,0.0,1,0,1,1
STAK,-0.04177256458307564,4.290459441148391,5.996452088619021,0.8206846784077109,-0.04177256458307564,2.027400665191134,1,0,0,1
STAR,-0.008561623058511695,4.418840607796598,6.343880434126331,0.8408396372886567,-0.008561623058511695,2.7144176165949063,1,0,0,1
STNG,0.02145049308771777,4.454347296253507,6.018593214496234,0.8014842270375548,0.02145049308771777,0.0,0,0,1,0
STRI,-0.0266422234473113,5.25227342804663,6.452048954437226,0.7934460068392282,-0.0266422234473113,0.0,1,0,1,1
STXS,-0.05510105814378599,4.07753744390572,5.84354441703136,0.8330268577246241,-0.05510105814378599,0.0,1,0,1,1
SUSS,0.028767031227218878,4.90527477843843,6.4967749901858625,0.7736714340289731,0.028767031227218878,0.0,0,0,1,1
SVR,0.0027305272904325772,5.631211781821365,6.522092798170152,0.7692047658381693,0.0027305272904325772,0.0,0,0,1,0
SWFT,0.03181611781966237,5.746203190540153,6.648984550024776,0.7969898836906333,0.03181611781966237,0.0,0,0,1,1
SWI,0.013423012273516756,4.2626798770413155,6.373319789577012,0.8204513245590416,0.013423012273516756,2.6706290300973246,0,1,0,1
SWSI,0.04125354038757876,4.382026634673881,5.981414211254481,0.7692782386244148,0.04125354038757876,2.027400665191134,0,0,0,1
SXC,0.023098673969340587,5.327876168789581,6.668228248417403,0.7894912316049586,0.023098673969340587,0.0,1,0,0,1
SXE,-0.010175503695470767,3.9889840465642745,5.765191102784844,0.8278745579073427,-0.010175503695470767,0.0,0,0,0,1
SZYM,-0.01592638992041231,4.927253685157205,6.440946540632921,0.8307833369111105,-0.01592638992041231,2.320794416806389,1,0,0,1
TARG,0.04437081598735093,4.852030263919617,6.018593214496234,0.7387564754005076,0.04437081598735093,0.0,1,0,1,0
TAST,-0.0063156046994000984,5.605802066295998,6.470799503782602,0.7773085161551819,-0.0063156046994000984,0.0,0,0,1,0
TBSI,0.0009176316515647274,3.8918202981106265,5.720311776607412,0.7615702232659151,0.0009176316515647274,0.0,0,0,1,1
TDG,0.004334251155495738,5.10594547390058,6.063785208687608,0.8359146509690835,0.004334251155495738,0.0,1,0,0,1
TEA,-0.039305049874703096,3.9512437185814275,5.937536205082426,0.7899994846024231,-0.039305049874703096,2.777566121439121,0,0,0,1
TEU,0.004669618127058825,3.8918202981106265,5.337538079701318,0.893935231824417,0.004669618127058825,0.0,0,0,1,0
TFM,0.04541489706610886,4.605170185988092,6.018593214496234,0.7074445601774173,0.04541489706610886,2.5087413298623935,0,0,0,1
TGH,0.04437081598735093,4.499809670330265,5.973809611869261,0.7639147954716498,0.04437081598735093,0.0,0,1,1,1
THLD,-0.006417682468154485,3.6888794541139363,5.627621113690637,0.7996336146577636,-0.006417682468154485,0.0,1,0,1,1
THR,0.02726278674615886,5.117993812416755,6.336825731146441,0.821195196065517,0.02726278674615886,0.0,1,0,1,1
THRM,0.012849097356874246,4.6913478822291435,6.0112671744041615,0.7876240077515928,0.012849097356874246,0.0,1,0,1,0
THRX,0.022575265341070738,3.871201010907891,5.641907070938114,0.8140234597466754,0.022575265341070738,2.4264275032025866,1,0,0,0
TIS,0.04070516148742976,3.713572066704308,5.707110264748875,0.7618430641080423,0.04070516148742976,0.0,1,0,0,0
TITN,0.01385841620746863,3.828641396489095,5.834810737062605,0.8483049508309002,0.01385841620746863,0.0,0,0,0,1
TLEO,-0.02469393686831301,4.787491742782046,6.280395838960195,0.8280150050999039,-0.02469393686831301,0.0,0,1,1,0
TLVT,0.019104791635377056,4.897839799950911,6.220590170099739,0.8290879711544945,0.019104791635377056,0.0,0,1,1,1
TMH,0.017323822774832923,5.765191102784844,6.466144724237619,0.8126897184711671,0.017323822774832923,0.0,0,1,1,1
TNAV,-0.03718971511231524,4.709530201312334,6.142037405587356,0.8326474793579673,-0.03718971511231524,0.0,0,1,1,1
TNDM,0.008571350983851266,4.663439094112067,6.182084906716632,0.784099187454472,0.008571350983851266,1.9258567855541788,1,0,0,1
TNK,0.048222318623155534,3.9889840465642745,5.82600010738045,0.877652789466908,0.048222318623155534,1.7549958366478784,0,0,0,1
TOWR,0.02105232914807478,5.945420608606575,6.517671272912275,0.6842881725256946,0.02105232914807478,0.0,1,0,1,0
TRAK,0.0062723650918384095,4.867534450455582,6.061456918928017,0.7454117223521417,0.0062723650918384095,2.371262202993375,0,1,0,1
TRBN,0.03482706322965752,4.543294782270004,5.87493073085203,0.8470776053274007,0.03482706322965752,0.0,1,0,1,1
TRCA,-0.03596236702468871,3.091042453358316,5.181783550292085,0.7816684779605445,-0.03596236702468871,0.0,1,0,1,0
TRFC,0.00807576450903087,4.762173934797756,6.375024819828097,0.7978289784869987,0.00807576450903087,1.6321399230336169,0,1,0,1
TRGT,0.004420872602526357,4.3694478524670215,5.966146739123692,0.8374373959742736,0.004420872602526357,0.0,1,0,1,1
TRLA,0.03726608856775101,5.214935757608986,6.480044561926653,0.7365136054307497,0.03726608856775101,2.371262202993375,0,1,0,1
TRS,-0.008112629417392084,5.598421958998375,6.525029657843462,0.7390070154577884,-0.008112629417392084,0.0,1,0,1,0
TRW,-0.023438007501532746,5.963579343618446,6.470799503782602,0.8089952403189422,-0.023438007501532746,0.0,1,0,1,0
TRX,0.06214926000539072,5.517452896464707,6.413458957167357,0.8471109521791075,0.06214926000539072,0.0,1,0,1,0
TRXI,-0.022585781468139894,4.61512051684126,5.84354441703136,0.7834802160665625,-0.022585781468139894,0.0,0,1,1,0
TSLA,0.021872586777605993,5.4116460518550396,6.656726524178391,0.7943236520949405,0.021872586777605993,2.371262202993375,1,0,0,1
TSON,0.01833285530927606,3.912023005428146,5.652489180268651,0.8136971277475001,0.01833285530927606,2.4871131731971623,1,0,0,1
TSRA,0.04794887801906936,4.5217885770490405,5.802118375377063,0.82142783340323,0.04794887801906936,3.107232505953859,1,0,0,1
TSRO,0.03158121781594317,4.48863636973214,6.07073772800249,0.8455019371751918,0.03158121781594317,0.0,1,0,0,1
TSRX,0.02195918943867311,4.330733340286331,5.616771097666572,0.8346334542867401,0.02195918943867311,0.0,1,0,1,0
TTGT,-0.003979156274465649,4.2626798770413155,6.375024819828097,0.8397006599727134,-0.003979156274465649,0.0,0,1,0,1
TTPH,0.021853525494264763,4.605170185988092,5.857933154483459,0.8228710830399246,0.021853525494264763,0.0,1,0,1,0
TTPY,0.023529934659502042,4.653960350157523,6.306275286948016,0.8409371798104079,0.023529934659502042,2.656646422956528,1,0,0,1
TUMI,-0.01738198221030019,4.634728988229636,5.91350300563827,0.7713310697896736,-0.01738198221030019,2.320794416806389,1,0,0,1
TWLL,-0.030847773150327787,5.209486152841421,6.226536669287466,0.8145202363942203,-0.030847773150327787,0.0,1,0,1,0
TXRH,0.022575265341070738,4.189654742026425,5.8971538676367405,0.7892729264028542,0.022575265341070738,2.1085816632543732,0,0,0,0
TYPE,-0.002117746190072883,4.770684624465665,6.4457198193855785,0.8040834584870542,-0.002117746190072883,0.0,0,1,1,1
UACL,0.009124591224158932,4.867534450455582,6.18826412308259,0.7601702843200648,0.009124591224158932,1.739464085489495,0,0,0,1
UAPH,0.04029468537115145,4.406719247264253,5.66988092298052,0.8004783087437061,0.04029468537115145,0.0,1,0,0,1
UBNT,0.0481710650586668,5.1298987149230735,6.082218910376446,0.7282531292487171,0.0481710650586668,0.0,1,0,1,1
UNCA,0.033593111500030436,4.532599493153256,6.38856140554563,0.8494820078406569,0.033593111500030436,0.0,0,1,0,1
UPG,-0.0001705933378575414,4.110873864173311,5.717027701406222,0.8153273867467632,-0.0001705933378575414,0.0,0,0,1,1
USBE,-0.0063156046994000984,4.174387269895637,6.361302477572996,0.7708808441312454,-0.0063156046994000984,0.0,1,0,1,1
V,-0.03834154622795221,5.0369526024136295,6.459904454377535,0.844688677171062,-0.03834154622795221,2.250117199708515,0,1,0,0
VCC,0.03128352766228791,3.6109179126442243,5.700443573390687,0.7943190604133366,0.03128352766228791,0.0,1,0,0,1
VCG,0.006385606555695641,5.117993812416755,6.570882962339584,0.8219300073181157,0.006385606555695641,0.0,0,0,1,1
VCRA,0.0645993451786608,4.394449154672439,6.284134161070802,0.8231230222213621,0.0645993451786608,2.847033872200803,1,0,0,1
VG,-0.057090017046302795,4.897839799950911,6.434546518787453,0.8219763805228351,-0.057090017046302795,0.0,0,0,0,0
VIAC,-0.05858667395878593,5.209486152841421,6.124683390894205,0.8415320795479155,-0.05858667395878593,0.0,0,1,1,1
VITC,0.08509670457922383,3.8066624897703196,5.940171252720432,0.7461045251690032,0.08509670457922383,0.0,0,1,0,1
VLCM,-0.0015664159468040519,4.68213122712422,5.945420608606575,0.7183724019103147,-0.0015664159468040519,2.656646422956528,1,0,0,1
VLRX,-0.008879211573041624,4.1588830833596715,5.855071922202427,0.8193035028409412,-0.008879211573041624,0.0,1,0,1,1
VM,0.05136850597275852,5.58724865840025,6.4457198193855785,0.8374372617313569,0.05136850597275852,0.0,0,0,1,1
VNDA,0.004420872602526357,4.653960350157523,5.968707559985366,0.8317782538737905,0.004420872602526357,0.0,1,0,1,0
VNTV,0.03113477157157728,4.343805421853684,6.304448802421981,0.8173741430705497,0.03113477157157728,0.0,0,1,0,1
VNUS,0.018065909915302072,4.406719247264253,5.71042701737487,0.7988633221985196,0.018065909915302072,1.9258567855541788,1,0,0,1
VOCS,0.03242003639534456,4.060443010546419,5.717027701406222,0.7140704568296691,0.03242003639534456,0.0,0,1,1,1
VOLC,-0.03722228311578906,4.718498871295094,6.089044875446846,0.7129424927336218,-0.03722228311578906,0.0,1,0,1,1
VPRT,-0.01603109253067675,4.574710978503383,5.926926025970411,0.8367620693263024,-0.01603109253067675,2.7144176165949063,1,0,0,1
VQ,0.04260324179750454,5.099866427824199,6.418364935936212,0.7867253238616856,0.04260324179750454,0.0,0,0,1,0
VRA,0.03611721593918047,4.553876891600541,6.045005314036012,0.7749731576244044,0.03611721593918047,1.8820720577620569,1,0,0,1
VRAD,-0.04017284790046339,4.820281565605037,6.194405391104672,0.8201050844865264,-0.04017284790046339,0.0,0,1,0,1
VRAZ,0.03068704053511129,4.343805421853684,6.192362489474872,0.6896894700104308,0.03068704053511129,0.0,0,1,1,1
VRGY,-0.03722310781681927,5.420534999272286,6.46302945692067,0.8549659820526853,-0.03722310781681927,0.0,1,0,1,0
VRSK,-0.005484143030464203,5.099866427824199,6.306275286948016,0.6660218216686674,-0.005484143030464203,2.1544346900318834,0,1,0,1
VRTU,-0.0464621559185416,4.634728988229636,6.173786103901937,0.8072651653426219,-0.0464621559185416,0.0,0,1,1,0
VSE,-0.039106128338985184,4.30406509320417,5.983936280687191,0.7354546965615547,-0.039106128338985184,1.91081041475565,1,0,0,1
VSI,0.004504027822692407,4.1588830833596715,6.1463292576688975,0.7400480791091277,0.004504027822692407,2.371262202993375,0,0,0,1
VSTM,0.04911404424604787,4.248495242049359,5.631211781821365,0.8442210333145751,0.04911404424604787,0.0,1,0,0,1
VTUS,0.04374655058360598,4.343805421853684,5.459585514144159,0.7811678797731484,0.04374655058360598,0.0,1,0,1,1
WAGE,-0.02533456611968248,5.075173815233827,6.517671272912275,0.8606340523753631,-0.02533456611968248,0.0,0,1,1,1
WAIR,-0.039305049874703096,4.955827057601261,6.20455776256869,0.772840777734466,-0.039305049874703096,0.0,1,0,1,0
WBMD,-0.02469393686831301,4.394449154672439,6.068425588244111,0.7594380142282761,-0.02469393686831301,1.823218358642896,0,1,0,0
WCAA,0.003351094196087698,4.844187086458591,6.07993319509559,0.8009228009761316,0.003351094196087698,0.0,0,0,1,0
WCG,0.029468739440639005,4.6443908991413725,6.126869184114185,0.8052595266067154,0.029468739440639005,2.371262202993375,0,0,0,1
WCRX,0.029658849885792867,5.293304824724492,6.57507584059962,0.8070509975029989,0.029658849885792867,0.0,1,0,1,0
WDAY,-0.041430293245650736,4.248495242049359,6.133398042996649,0.8157349674818809,-0.041430293245650736,2.2894284851066633,0,1,0,1
WIFI,0.03804660758078124,4.418840607796598,6.077642243349034,0.8442654768554438,0.03804660758078124,1.5667831201909692,0,1,0,0
WLDN,0.03663190600808365,4.110873864173311,5.771441123130016,0.7801360671530523,0.03663190600808365,0.0,0,1,0,1
WLK,-0.0337595787660565,4.718498871295094,6.089044875446846,0.7789469340981079,-0.0337595787660565,0.0,1,0,1,0
WLL,-0.013856032240963977,4.574710978503383,5.924255797414532,0.80402838801831,-0.013856032240963977,1.4938015821857216,0,0,0,0
WLSC,0.001377968740743084,4.605170185988092,5.777652323222656,0.7921343117872879,0.001377968740743084,0.0,0,1,1,0
WMG,0.029725979743118205,5.916202062607435,6.641182169740591,0.8274544495848103,0.029725979743118205,0.0,0,1,1,0
WNR,0.020487849089615828,4.418840607796598,6.244166900663736,0.792344070103192,0.020487849089615828,1.8420157493201932,1,0,0,1
WOLF,0.043563710607244475,4.51085950651685,6.354370040797351,0.7807092837581451,0.043563710607244475,1.8420157493201932,0,1,0,1
WSSI,0.0016546774633007118,4.189654742026425,5.572154032177765,0.814608038894228,0.0016546774633007118,0.0,0,1,0,1
WSTC,0.016999659979245296,5.0238805208462765,6.198478716492308,0.7672496679782603,0.016999659979245296,0.0,0,1,1,0
WTI,-0.023595744160222185,4.736198448394496,6.2166061010848646,0.8104253643093305,-0.023595744160222185,2.046528216187626,0,0,0,0
XCYT,-0.029881385961391737,3.784189633918261,5.3471075307174685,0.8001107777709529,-0.029881385961391737,0.0,1,0,1,1
XGEN,-0.05049199702518034,4.897839799950911,6.0867747269123065,0.8379942623613933,-0.05049199702518034,0.0,1,0,1,1
XPRT,0.05775552145276526,3.828641396489095,5.652489180268651,0.7881831283534672,0.05775552145276526,2.371262202993375,0,1,0,1
XRM,0.017672623899386463,5.181783550292085,6.270988431858299,0.8207839554735139,0.017672623899386463,0.0,1,0,1,1
XTNT,0.0008438072287778673,4.204692619390966,5.616771097666572,0.8434100435714352,0.0008438072287778673,0.0,1,0,1,1
XTXI,0.08428790586524311,4.9344739331306915,6.317164686747284,0.7973284992755435,0.08428790586524311,2.252495760887213,0,0,0,0
Z,0.031992262073828194,4.465908118654584,6.013715156042802,0.6858842201346326,0.031992262073828194,3.776170216768594,0,1,0,1
ZBB,0.028250705190356187,4.0943445622221,5.814130531825066,0.7559888279547502,0.028250705190356187,0.0,0,0,0,1
ZINC,-0.045154848496691075,4.430816798843313,6.073044534100405,0.7859471171921476,-0.045154848496691075,0.0,1,0,1,1
ZIP,0.004669618127058825,4.663439094112067,6.285998094508865,0.8481528940463535,0.004669618127058825,2.7144176165949063,0,1,0,1
ZLTQ,0.058688883020785655,4.836281906951478,6.206575926724928,0.8212480488013336,0.058688883020785655,0.0,1,0,1,1
ZSTN,0.030425308765401685,4.406719247264253,5.814130531825066,0.791387532070269,0.030425308765401685,0.0,1,0,0,0
ZUMZ,0.03228429921272611,3.6375861597263857,5.545177444479562,0.8270294558534518,0.03228429921272611,2.656646422956528,0,0,0,0
ZZ,0.024687352731627338,4.634728988229636,6.023447592961033,0.8177370847541404,0.024687352731627338,1.8820720577620569,1,0,0,0
